,car_brand_name,car_fuel,car_type,name
0,현대,가솔린, ,i30 (PD) (16년~현재)
1,현대,디젤, ,i30 (PD) (16년~현재)
2,현대,가솔린, ,더 뉴 i30 (15~16년)
3,현대,디젤, ,더 뉴 i30 (15~16년)
4,현대,가솔린, ,i30(신형) (11~15년)
5,현대,디젤, ,i30(신형) (11~15년)
6,현대,가솔린, ,i30 (07~11년)
7,현대,디젤, ,i30 (07~11년)
8,현대,가솔린, ,i30 cw (08~11년)
9,현대,디젤, ,i30 cw (08~11년)
10,현대,가솔린, ,더 뉴 i40 (15년~현재)
11,현대,디젤, ,더 뉴 i40 (15년~현재)
12,현대,가솔린, ,더 뉴 i40 살룬(15년~현재)
13,현대,디젤, ,더 뉴 i40 살룬(15년~현재)
14,현대,가솔린, ,i40 (11~15년)
15,현대,디젤, ,i40 (11~15년)
16,현대,가솔린, ,i40 살룬 (12~15년)
17,현대,디젤, ,i40 살룬 (12~15년)
18,현대,디젤, ,갤로퍼 2 (97~03년)
19,현대,LPG(일반인 구입), ,갤로퍼 2 (97~03년)
20,현대,디젤, ,갤로퍼 (91~97년)
21,현대,가솔린, ,그랜저 IG (16년~현재)
22,현대,디젤, ,그랜저 IG (16년~현재)
23,현대,LPG, ,그랜저 IG (16년~현재)
24,현대,가솔린+전기, ,그랜저 IG 하이브리드 (17년~현재)
25,현대,가솔린, ,그랜저 HG (11~16년)
26,현대,디젤, ,그랜저 HG (11~16년)
27,현대,LPG, ,그랜저 HG (11~16년)
28,현대,LPG(일반인 구입), ,그랜저 HG (11~16년)
29,현대,가솔린+전기, ,그랜저 HG 하이브리드 (13~17년)
30,현대,가솔린+LPG, ,그랜저 HG 하이브리드 (13~17년)
31,현대,가솔린, ,더 럭셔리 그랜저 (09~11년)
32,현대,LPG(일반인 구입), ,더 럭셔리 그랜저 (09~11년)
33,현대,가솔린+CNG, ,더 럭셔리 그랜저 (09~11년)
34,현대,가솔린, ,그랜저 뉴 럭셔리 (08~09년)
35,현대,LPG, ,그랜저 뉴 럭셔리 (08~09년)
36,현대,LPG(일반인 구입), ,그랜저 뉴 럭셔리 (08~09년)
37,현대,가솔린, ,그랜저 TG (05~08년)
38,현대,LPG, ,그랜저 TG (05~08년)
39,현대,LPG(일반인 구입), ,그랜저 TG (05~08년)
40,현대,가솔린+CNG, ,그랜저 TG (05~08년)
41,현대,가솔린, ,뉴 그랜저 XG (02~05년)
42,현대,LPG, ,뉴 그랜저 XG (02~05년)
43,현대,LPG(일반인 구입), ,뉴 그랜저 XG (02~05년)
44,현대,가솔린+LPG, ,뉴 그랜저 XG (02~05년)
45,현대,가솔린, ,그랜저 XG (98~02년)
46,현대,LPG(일반인 구입), ,그랜저 XG (98~02년)
47,현대,가솔린+LPG, ,그랜저 XG (98~02년)
48,현대,가솔린, ,뉴 그랜저 (92~98년)
49,현대,가솔린, ,그랜저 (86~92년)
50,현대,가솔린+LPG, ,그랜저 (86~92년)
51,현대,디젤, ,뉴그레이스 (93~04년)
52,현대,LPG(일반인 구입), ,뉴그레이스 (93~04년)
53,현대,가솔린, ,다이너스티(96~05년)
54,현대,가솔린+LPG, ,다이너스티(96~05년)
55,현대,가솔린, ,라비타(01~07년)
56,현대,가솔린, ,마르샤(65~98년)
57,현대,가솔린, ,더 뉴 맥스크루즈 (15년~현재)
58,현대,디젤, ,더 뉴 맥스크루즈 (15년~현재)
59,현대,가솔린, ,맥스크루즈 (13년~15년)
60,현대,디젤, ,맥스크루즈 (13년~15년)
61,현대,가솔린, ,베라크루즈(06~15년)
62,현대,디젤, ,베라크루즈(06~15년)
63,현대,가솔린+LPG, ,베라크루즈(06~15년)
64,현대,가솔린, ,베르나 트랜스폼 (09~10년)
65,현대,디젤, ,베르나 트랜스폼 (09~10년)
66,현대,가솔린, ,베르나(신형) (05~09년)
67,현대,디젤, ,베르나(신형) (05~09년)
68,현대,가솔린+전기, ,베르나(신형) (05~09년)
69,현대,가솔린, ,New 베르나 (02~05년)
70,현대,가솔린, ,베르나 (99~02년)
71,현대,가솔린, ,더 뉴 벨로스터 (15~18년)
72,현대,가솔린, ,벨로스터 (11~14년)
73,현대,LPG(일반인 구입), ,산타모(95~02년)
74,현대,디젤, ,더 뉴 그랜드 스타렉스 (17년~현재)
75,현대,디젤, ,그랜드 스타렉스 (07~17년)
76,현대,LPG, ,그랜드 스타렉스 (07~17년)
77,현대,LPG(일반인 구입), ,그랜드 스타렉스 (07~17년)
78,현대,디젤, ,스타렉스 점보 (97~07년)
79,현대,LPG(일반인 구입), ,스타렉스 점보 (97~07년)
80,현대,디젤, ,스타렉스 (97~07년)
81,현대,LPG, ,스타렉스 (97~07년)
82,현대,LPG(일반인 구입), ,스타렉스 (97~07년)
83,현대,가솔린, ,스텔라(83~97년)
84,현대,디젤, ,싼타페 TM (18년~현재)
85,현대,가솔린, ,싼타페 더 프라임 (15~18년)
86,현대,디젤, ,싼타페 더 프라임 (15~18년)
87,현대,디젤, ,싼타페 DM (12~15년)
88,현대,가솔린, ,싼타페 CM (05~12년)
89,현대,디젤, ,싼타페 CM (05~12년)
90,현대,가솔린, ,싼타페 (00~05년)
91,현대,디젤, ,싼타페 (00~05년)
92,현대,LPG(일반인 구입), ,싼타페 (00~05년)
93,현대,가솔린, ,쏘나타 뉴 라이즈 (17년~현재)
94,현대,디젤, ,쏘나타 뉴 라이즈 (17년~현재)
95,현대,LPG, ,쏘나타 뉴 라이즈 (17년~현재)
96,현대,가솔린+전기, ,쏘나타 뉴 라이즈 하이브리드 (17년~현재)
97,현대,가솔린+전기, ,LF 쏘나타 하이브리드 (14~17년)
98,현대,가솔린+LPG, ,LF 쏘나타 하이브리드 (14~17년)
99,현대,가솔린, ,LF 쏘나타 (14~17년)
100,현대,디젤, ,LF 쏘나타 (14~17년)
101,현대,LPG, ,LF 쏘나타 (14~17년)
102,현대,가솔린, ,쏘나타 더 브릴리언트 (12~14년)
103,현대,LPG, ,쏘나타 더 브릴리언트 (12~14년)
104,현대,LPG(일반인 구입), ,쏘나타 더 브릴리언트 (12~14년)
105,현대,가솔린+CNG, ,쏘나타 더 브릴리언트 (12~14년)
106,현대,가솔린, ,YF 쏘나타 (09~12년)
107,현대,LPG, ,YF 쏘나타 (09~12년)
108,현대,LPG(일반인 구입), ,YF 쏘나타 (09~12년)
109,현대,가솔린+전기, ,쏘나타 하이브리드 (11~14년)
110,현대,가솔린+LPG, ,쏘나타 하이브리드 (11~14년)
111,현대,가솔린, ,NF 쏘나타 트랜스폼 (07~13년)
112,현대,디젤, ,NF 쏘나타 트랜스폼 (07~13년)
113,현대,LPG, ,NF 쏘나타 트랜스폼 (07~13년)
114,현대,LPG(일반인 구입), ,NF 쏘나타 트랜스폼 (07~13년)
115,현대,가솔린+CNG, ,NF 쏘나타 트랜스폼 (07~13년)
116,현대,가솔린, ,NF 쏘나타 (04~07년)
117,현대,디젤, ,NF 쏘나타 (04~07년)
118,현대,LPG, ,NF 쏘나타 (04~07년)
119,현대,LPG(일반인 구입), ,NF 쏘나타 (04~07년)
120,현대,가솔린+LPG, ,NF 쏘나타 (04~07년)
121,현대,가솔린, ,뉴 EF 쏘나타 (01~06년)
122,현대,LPG(일반인 구입), ,뉴 EF 쏘나타 (01~06년)
123,현대,가솔린, ,EF 쏘나타 (98~01년)
124,현대,가솔린, ,쏘나타 III (96~98년)
125,현대,가솔린, ,쏘나타 II (93~96년)
126,현대,가솔린, ,쏘나타 (85~93년)
127,현대,디젤, ,쏠라티(15년~현재)
128,현대,가솔린, ,아반떼 AD (15년~현재)
129,현대,디젤, ,아반떼 AD (15년~현재)
130,현대,LPG, ,아반떼 AD (15년~현재)
131,현대,가솔린, ,더 뉴 아반떼 (13~15년)
132,현대,디젤, ,더 뉴 아반떼 (13~15년)
133,현대,LPG, ,더 뉴 아반떼 (13~15년)
134,현대,가솔린, ,아반떼 쿠페 (13~15년)
135,현대,가솔린, ,아반떼 MD (10~13년)
136,현대,LPG, ,아반떼 MD (10~13년)
137,현대,LPG(일반인 구입), ,아반떼 MD (10~13년)
138,현대,가솔린, ,아반떼 HD (06~10년)
139,현대,디젤, ,아반떼 HD (06~10년)
140,현대,LPG(일반인 구입), ,아반떼 HD (06~10년)
141,현대,가솔린+LPG, ,아반떼 HD (06~10년)
142,현대,가솔린+CNG, ,아반떼 HD (06~10년)
143,현대,LPG+전기, ,아반떼 하이브리드 (09~13년)
144,현대,가솔린+LPG, ,아반떼 하이브리드 (09~13년)
145,현대,가솔린, ,뉴 아반떼 XD (03~06년)
146,현대,디젤, ,뉴 아반떼 XD (03~06년)
147,현대,가솔린+LPG, ,뉴 아반떼 XD (03~06년)
148,현대,가솔린, ,아반떼 XD (00~03년)
149,현대,가솔린, ,올 뉴 아반떼 (98~00년)
150,현대,가솔린, ,아슬란(14~18년)
151,현대,가솔린+전기, ,아이오닉 하이브리드 (16년~현재)
152,현대,전기, ,아이오닉 일렉트릭 (16년~현재)
153,현대,가솔린, ,아토스(97~02년)
154,현대,가솔린, ,에쿠스(신형) (09~15년)
155,현대,LPG(일반인 구입), ,에쿠스(신형) (09~15년)
156,현대,가솔린+LPG, ,에쿠스(신형) (09~15년)
157,현대,가솔린+CNG, ,에쿠스(신형) (09~15년)
158,현대,가솔린, ,에쿠스 (99~09년)
159,현대,LPG(일반인 구입), ,에쿠스 (99~09년)
160,현대,가솔린+LPG, ,에쿠스 (99~09년)
161,현대,가솔린+CNG, ,에쿠스 (99~09년)
162,현대,가솔린, ,엑센트(신형) (10년~현재)
163,현대,디젤, ,엑센트(신형) (10년~현재)
164,현대,가솔린, ,뉴 엑센트 (97~99년)
165,현대,가솔린, ,엑센트 (94~97년)
166,현대,가솔린, ,엘란트라 (90~93년)
167,현대,가솔린, ,제네시스 DH (13~16년)
168,현대,가솔린, ,제네시스 (08~13년)
169,현대,LPG(일반인 구입), ,제네시스 (08~13년)
170,현대,가솔린+LPG, ,제네시스 (08~13년)
171,현대,가솔린+CNG, ,제네시스 (08~13년)
172,현대,가솔린, ,더 뉴 제네시스 쿠페 (11~16년)
173,현대,가솔린, ,제네시스 쿠페 (08~11년)
174,현대,가솔린, ,코나 (17년~현재)
175,현대,디젤, ,코나 (17년~현재)
176,현대,가솔린, ,뉴 클릭 (05~10년)
177,현대,디젤, ,뉴 클릭 (05~10년)
178,현대,가솔린+전기, ,클릭 하이브리드 (04~06년)
179,현대,가솔린, ,클릭 (02~05년)
180,현대,가솔린, ,테라칸(01~06년)
181,현대,디젤, ,테라칸(01~06년)
182,현대,가솔린, ,투스카니(신형) (06~08년)
183,현대,가솔린, ,투스카니 (01~06년)
184,현대,가솔린, ,올 뉴 투싼 (15년~현재)
185,현대,디젤, ,올 뉴 투싼 (15년~현재)
186,현대,가솔린, ,뉴 투싼 ix (13~15년)
187,현대,디젤, ,뉴 투싼 ix (13~15년)
188,현대,가솔린, ,투싼 ix (09~13년)
189,현대,디젤, ,투싼 ix (09~13년)
190,현대,가솔린, ,투싼 (04~09년)
191,현대,디젤, ,투싼 (04~09년)
192,현대,디젤, ,트라제 XG(99~07년)
193,현대,LPG, ,트라제 XG(99~07년)
194,현대,LPG(일반인 구입), ,트라제 XG(99~07년)
195,현대,가솔린, ,티뷰론(96~01년)
196,현대,가솔린, ,포니투 (82~90년)
197,제네시스,가솔린, ,G70(17년~현재)
198,제네시스,디젤, ,G70(17년~현재)
199,제네시스,가솔린, ,G80(16년~현재)
200,제네시스,디젤, ,G80(16년~현재)
201,제네시스,가솔린, ,EQ900(15년~현재)
202,기아,가솔린, ,더 뉴 K3 (15~18년)
203,기아,디젤, ,더 뉴 K3 (15~18)
204,기아,가솔린, ,더 뉴 K3 쿱 (16~17년)
205,기아,가솔린, ,K3 (12~15년)
206,기아,디젤, ,K3 (12~15년)
207,기아,가솔린, ,K3 쿱 (13~16년)
208,기아,가솔린, ,K3 유로 (13~16년)
209,기아,가솔린, ,K5 2세대 (15~18년)
210,기아,디젤, ,K5 2세대 (15~18년)
211,기아,LPG, ,K5 2세대 (15~18년)
212,기아,가솔린, ,더 뉴 K5 (13~15년)
213,기아,LPG, ,더 뉴 K5 (13~15년)
214,기아,가솔린, ,K5 (10~13년)
215,기아,LPG, ,K5 (10~13년)
216,기아,LPG(일반인 구입), ,K5 (10~13년)
217,기아,가솔린+전기, ,K5 하이브리드 2세대 (15년~현재)
218,기아,가솔린+전기, ,K5 하이브리드 (11~15년)
219,기아,가솔린, ,K5 2세대 (15~18년)
220,기아,디젤, ,K5 2세대 (15~18년)
221,기아,LPG, ,K5 2세대 (15~18년)
222,기아,가솔린, ,더 뉴 K5 (13~15년)
223,기아,LPG, ,더 뉴 K5 (13~15년)
224,기아,가솔린, ,K5 (10~13년)
225,기아,LPG, ,K5 (10~13년)
226,기아,LPG(일반인 구입), ,K5 (10~13년)
227,기아,가솔린+전기, ,K5 하이브리드 2세대 (15년~현재)
228,기아,가솔린+전기, ,K5 하이브리드 (11~15년)
229,기아,가솔린, ,올 뉴 K7 (16년~현재)
230,기아,디젤, ,올 뉴 K7 (16년~현재)
231,기아,LPG, ,올 뉴 K7 (16년~현재)
232,기아,가솔린+전기, ,올 뉴 K7 하이브리드 (16년~현재)
233,기아,가솔린, ,더 뉴 K7 (12~16년)
234,기아,LPG, ,더 뉴 K7 (12~16년)
235,기아,LPG(일반인 구입), ,더 뉴 K7 (12~16년)
236,기아,가솔린+전기, ,K7 하이브리드 (13~16년)
237,기아,가솔린, ,더 프레스티지 K7 (11~12년)
238,기아,LPG(일반인 구입), ,더 프레스티지 K7 (11~12년)
239,기아,가솔린, ,K7 (09~11년)
240,기아,LPG(일반인 구입), ,K7 (09~11년)
241,기아,가솔린, ,더 뉴 K9 (14년~현재)
242,기아,가솔린, ,K9 (12~14년)
243,기아,디젤, ,X-TREK(03~06년)
244,기아,가솔린+전기, ,니로(16년~현재)
245,기아,가솔린+LPG, ,니로(16년~현재)
246,기아,가솔린, ,더 뉴 레이 (17년~현재)
247,기아,가솔린, ,레이 (11~17년)
248,기아,가솔린+LPG, ,레이 (11~17년)
249,기아,전기, ,레이 (11~17년)
250,기아,디젤, ,레토나(98~03년)
251,기아,가솔린, ,로체 이노베이션 (08~10년)
252,기아,LPG, ,로체 이노베이션 (08~10년)
253,기아,LPG(일반인 구입), ,로체 이노베이션 (08~10년)
254,기아,가솔린, ,로체 어드밴스 (07~08년)
255,기아,LPG(일반인 구입), ,로체 어드밴스 (07~08년)
256,기아,가솔린, ,로체 (05~07년)
257,기아,디젤, ,로체 (05~07년)
258,기아,LPG, ,로체 (05~07년)
259,기아,LPG(일반인 구입), ,로체 (05~07년)
260,기아,디젤, ,록스타 (90~93년)
261,기아,가솔린, ,리갈(02~05년)
262,기아,LPG(일반인 구입), ,리갈(02~05년)
263,기아,가솔린, ,리오(99~05년)
264,기아,가솔린, ,올 뉴 모닝 (JA) (17년~현재)
265,기아,LPG(일반인 구입), ,올 뉴 모닝 (JA) (17년~현재)
266,기아,가솔린, ,더 뉴 모닝 (15~17년)
267,기아,가솔린+LPG, ,더 뉴 모닝 (15~17년)
268,기아,가솔린, ,올 뉴 모닝 (11~15년)
269,기아,LPG, ,올 뉴 모닝 (11~15년)
270,기아,LPG(일반인 구입), ,올 뉴 모닝 (11~15년)
271,기아,가솔린+LPG, ,올 뉴 모닝 (11~15년)
272,기아,가솔린, ,뉴모닝 (08~11년)
273,기아,LPG, ,뉴모닝 (08~11년)
274,기아,LPG(일반인 구입), ,뉴모닝 (08~11년)
275,기아,가솔린+LPG, ,뉴모닝 (08~11년)
276,기아,가솔린, ,모닝 (04~08년)
277,기아,디젤, ,더 뉴 모하비 (16년~현재)
278,기아,가솔린, ,모하비 (07년~16년)
279,기아,디젤, ,모하비 (07년~16년)
280,기아,디젤, ,봉고III 미니버스(04~05년)
281,기아,가솔린, ,비스토(99~04년)
282,기아,LPG(일반인 구입), ,비스토(99~04년)
283,기아,가솔린, ,스토닉(17년~현재)
284,기아,디젤, ,스토닉(17년~현재)
285,기아,가솔린, ,스팅어(17년~현재)
286,기아,디젤, ,스팅어(17년~현재)
287,기아,가솔린, ,스펙트라(00~04년)
288,기아,가솔린, ,스포티지 4세대 (15년~현재)
289,기아,디젤, ,스포티지 4세대 (15년~현재)
290,기아,가솔린, ,더 뉴 스포티지 R (13~15년)
291,기아,디젤, ,더 뉴 스포티지 R (13~15년)
292,기아,가솔린, ,스포티지 R (10~13년)
293,기아,디젤, ,스포티지 R (10~13년)
294,기아,가솔린, ,New 스포티지 (04~10년)
295,기아,디젤, ,New 스포티지 (04~10년)
296,기아,LPG(일반인 구입), ,New 스포티지 (04~10년)
297,기아,디젤, ,스포티지 (93~02년)
298,기아,가솔린, ,뉴쎄라토 (06~08년)
299,기아,디젤, ,뉴쎄라토 (06~08년)
300,기아,가솔린, ,쎄라토 (03~06년)
301,기아,디젤, ,쎄라토 (03~06년)
302,기아,가솔린, ,더 뉴 쏘렌토 (17년~현재)
303,기아,디젤, ,더 뉴 쏘렌토 (17년~현재)
304,기아,가솔린, ,올 뉴 쏘렌토 (14~17년)
305,기아,디젤, ,올 뉴 쏘렌토 (14~17년)
306,기아,디젤, ,뉴 쏘렌토 R (12~14년)
307,기아,가솔린, ,쏘렌토 R (09~12년)
308,기아,디젤, ,쏘렌토 R (09~12년)
309,기아,LPG(일반인 구입), ,쏘렌토 R (09~12년)
310,기아,디젤, ,뉴쏘렌토 (06~09년)
311,기아,디젤, ,쏘렌토 (02~06년)
312,기아,가솔린, ,더 뉴 쏘울 (16년~현재)
313,기아,가솔린, ,올 뉴 쏘울 (13~16년)
314,기아,디젤, ,올 뉴 쏘울 (13~16년)
315,기아,가솔린, ,쏘울 (08~13년)
316,기아,디젤, ,쏘울 (08~13년)
317,기아,전기, ,쏘울 EV (14년~현재)
318,기아,가솔린, ,엘란(96~00년)
319,기아,가솔린, ,오피러스 프리미엄 (09~11년)
320,기아,LPG(일반인 구입), ,오피러스 프리미엄 (09~11년)
321,기아,가솔린, ,뉴오피러스 (06~09년)
322,기아,LPG(일반인 구입), ,뉴오피러스 (06~09년)
323,기아,가솔린+LPG, ,뉴오피러스 (06~09년)
324,기아,가솔린+CNG, ,뉴오피러스 (06~09년)
325,기아,가솔린, ,오피러스 (03~06년)
326,기아,LPG(일반인 구입), ,오피러스 (03~06년)
327,기아,가솔린+LPG, ,오피러스 (03~06년)
328,기아,가솔린, ,옵티마(00~05년)
329,기아,LPG(일반인 구입), ,옵티마(00~05년)
330,기아,가솔린, ,올 뉴 카니발 (18년~현재)
331,기아,디젤, ,올 뉴 카니발 (18년~현재)
332,기아,가솔린, ,카니발 R (10~14년)
333,기아,디젤, ,카니발 R (10~14년)
334,기아,LPG(일반인 구입), ,카니발 R (10~14년)
335,기아,디젤, ,그랜드 카니발 (05~10년)
336,기아,LPG, ,그랜드 카니발 (05~10년)
337,기아,LPG(일반인 구입), ,그랜드 카니발 (05~10년)
338,기아,디젤, ,뉴카니발 (06~10년)
339,기아,LPG(일반인 구입), ,뉴카니발 (06~10년)
340,기아,디젤, ,카니발 II (01~05년)
341,기아,LPG(일반인 구입), ,카니발 II (01~05년)
342,기아,디젤, ,카니발 (98~01년)
343,기아,LPG(일반인 구입), ,더 뉴 카렌스 (16년~현재)
344,기아,디젤, ,올 뉴 카렌스 (13~16년)
345,기아,LPG, ,올 뉴 카렌스 (13~16년)
346,기아,LPG(일반인 구입), ,올 뉴 카렌스 (13~16년)
347,기아,가솔린, ,뉴카렌스 (06~13년)
348,기아,디젤, ,뉴카렌스 (06~13년)
349,기아,LPG, ,뉴카렌스 (06~13년)
350,기아,LPG(일반인 구입), ,뉴카렌스 (06~13년)
351,기아,가솔린, ,카렌스 2 (02~06년)
352,기아,디젤, ,카렌스 2 (02~06년)
353,기아,LPG, ,카렌스 2 (02~06년)
354,기아,LPG(일반인 구입), ,카렌스 2 (02~06년)
355,기아,LPG(일반인 구입), ,카렌스 (99~02년)
356,기아,LPG(일반인 구입), ,카스타(99~02년)
357,기아,LPG, ,타우너(92~02년)
358,기아,LPG(일반인 구입), ,타우너(92~02년)
359,기아,가솔린, ,포르테 (08~13년)
360,기아,디젤, ,포르테 (08~13년)
361,기아,LPG(일반인 구입), ,포르테 (08~13년)
362,기아,LPG+전기, ,포르테 (08~13년)
363,기아,가솔린+LPG, ,포르테 (08~13년)
364,기아,가솔린+CNG, ,포르테 (08~13년)
365,기아,가솔린, ,포르테 쿱 (09~13년)
366,기아,가솔린, ,포르테 해치백 (10~13년)
367,기아,가솔린, ,뉴포텐샤 (97~02년)
368,기아,가솔린, ,포텐샤 (92~97년)
369,기아,가솔린, ,더 뉴 프라이드 (15~17년)
370,기아,가솔린, ,올 뉴 프라이드 (11~15년)
371,기아,디젤, ,올 뉴 프라이드 (11~15년)
372,기아,가솔린, ,프라이드(신형) (05~11년)
373,기아,디젤, ,프라이드(신형) (05~11년)
374,기아,가솔린+전기, ,프라이드(신형) (05~11년)
375,기아,가솔린+LPG, ,프라이드(신형) (05~11년)
376,기아,가솔린+CNG, ,프라이드(신형) (05~11년)
377,기아,가솔린, ,프라이드 (87~00년)
378,기아,디젤, ,프레지오(95~04년)
379,기아,LPG(일반인 구입), ,프레지오(95~04년)
380,쉐보레(GM대우),가솔린, ,G2X(07~08년)
381,쉐보레(GM대우),LPG, ,뉴 다마스 (08년~현재)
382,쉐보레(GM대우),LPG(일반인 구입), ,뉴 다마스 (08년~현재)
383,쉐보레(GM대우),LPG, ,다마스 II (03~07년)
384,쉐보레(GM대우),LPG(일반인 구입), ,다마스 II (03~07년)
385,쉐보레(GM대우),LPG, ,뉴 라보 (08년~현재)
386,쉐보레(GM대우),LPG(일반인 구입), ,뉴 라보 (08년~현재)
387,쉐보레(GM대우),LPG, ,라보 (91~06년)
388,쉐보레(GM대우),LPG(일반인 구입), ,라보 (91~06년)
389,쉐보레(GM대우),가솔린, ,라세티 프리미어 (08~11년)
390,쉐보레(GM대우),디젤, ,라세티 프리미어 (08~11년)
391,쉐보레(GM대우),가솔린, ,라세티 (02~09년)
392,쉐보레(GM대우),디젤, ,라세티 (02~09년)
393,쉐보레(GM대우),LPG, ,레조(00~07년)
394,쉐보레(GM대우),LPG(일반인 구입), ,레조(00~07년)
395,쉐보레(GM대우),가솔린, ,마티즈 크리에이티브 (09~11년)
396,쉐보레(GM대우),LPG, ,마티즈 크리에이티브 (09~11년)
397,쉐보레(GM대우),LPG(일반인 구입), ,마티즈 크리에이티브 (09~11년)
398,쉐보레(GM대우),가솔린, ,All New 마티즈 (05~09년)
399,쉐보레(GM대우),가솔린, ,마티즈 클래식 (09~11년)
400,쉐보레(GM대우),LPG(일반인 구입), ,마티즈 클래식 (09~11년)
401,쉐보레(GM대우),가솔린, ,마티즈 II (00~05년)
402,쉐보레(GM대우),가솔린, ,마티즈 (98~00년)
403,쉐보레(GM대우),가솔린, ,올 뉴 말리부 (16년~현재)
404,쉐보레(GM대우),가솔린+전기, ,올 뉴 말리부 (16년~현재)
405,쉐보레(GM대우),가솔린, ,말리부 (11~16년)
406,쉐보레(GM대우),디젤, ,말리부 (11~16년)
407,쉐보레(GM대우),LPG, ,말리부 (11~16년)
408,쉐보레(GM대우),LPG(일반인 구입), ,말리부 (11~16년)
409,쉐보레(GM대우),가솔린, ,매그너스(99~06년)
410,쉐보레(GM대우),LPG(일반인 구입), ,매그너스(99~06년)
411,쉐보레(GM대우),가솔린, ,베리타스(08~10년)
412,쉐보레(GM대우),가솔린+CNG, ,베리타스(08~10년)
413,쉐보레(GM대우),가솔린, ,브로엄(91~00년)
414,쉐보레(GM대우),가솔린, ,스테이츠맨(05~07년)
415,쉐보레(GM대우),가솔린, ,더 넥스트 스파크 (15년~현재)
416,쉐보레(GM대우),가솔린, ,스파크 (11~15년)
417,쉐보레(GM대우),LPG, ,스파크 (11~15년)
418,쉐보레(GM대우),LPG(일반인 구입), ,스파크 (11~15년)
419,쉐보레(GM대우),가솔린, ,더 뉴 아베오 세단 (16년~현재)
420,쉐보레(GM대우),가솔린, ,더 뉴 아베오 해치백 (16년~현재)
421,쉐보레(GM대우),가솔린, ,아베오 세단 (11~16년)
422,쉐보레(GM대우),가솔린, ,아베오 해치백 (11~16년)
423,쉐보레(GM대우),가솔린, ,아카디아(94~99년)
424,쉐보레(GM대우),가솔린+LPG, ,아카디아(94~99년)
425,쉐보레(GM대우),가솔린, ,알페온(10~15년)
426,쉐보레(GM대우),가솔린+전기, ,알페온(10~15년)
427,쉐보레(GM대우),가솔린, ,에스페로(90~97년)
428,쉐보레(GM대우),디젤, ,올란도(11년~현재)
429,쉐보레(GM대우),LPG, ,올란도(11년~현재)
430,쉐보레(GM대우),LPG(일반인 구입), ,올란도(11년~현재)
431,쉐보레(GM대우),디젤, ,윈스톰 (06~10년)
432,쉐보레(GM대우),디젤, ,윈스톰 맥스 (08~10년)
433,쉐보레(GM대우),가솔린, ,임팔라(15년~현재)
434,쉐보레(GM대우),가솔린, ,젠트라 (05~11년)
435,쉐보레(GM대우),가솔린, ,젠트라 X (07~11년)
436,쉐보레(GM대우),가솔린, ,올 뉴 카마로 (16년~현재)
437,쉐보레(GM대우),가솔린, ,카마로 (11~15년)
438,쉐보레(GM대우),가솔린, ,칼로스(02~07년)
439,쉐보레(GM대우),가솔린, ,캡티바(11년~현재)
440,쉐보레(GM대우),디젤, ,캡티바(11년~현재)
441,쉐보레(GM대우),가솔린, ,올 뉴 크루즈 (17년~현재)
442,쉐보레(GM대우),디젤, ,올 뉴 크루즈 (17년~현재)
443,쉐보레(GM대우),가솔린, ,어메이징 뉴 크루즈 (15~17년)
444,쉐보레(GM대우),디젤, ,어메이징 뉴 크루즈 (15~17년)
445,쉐보레(GM대우),가솔린, ,어메이징 뉴 크루즈5 (15~17년)
446,쉐보레(GM대우),디젤, ,어메이징 뉴 크루즈5 (15~17년)
447,쉐보레(GM대우),가솔린, ,크루즈 (11~14년)
448,쉐보레(GM대우),디젤, ,크루즈 (11~14년)
449,쉐보레(GM대우),LPG(일반인 구입), ,크루즈 (11~14년)
450,쉐보레(GM대우),가솔린, ,크루즈5 (11~14년)
451,쉐보레(GM대우),디젤, ,크루즈5 (11~14년)
452,쉐보레(GM대우),가솔린, ,토스카 (06~08년)
453,쉐보레(GM대우),디젤, ,토스카 (06~08년)
454,쉐보레(GM대우),LPG, ,토스카 (06~08년)
455,쉐보레(GM대우),LPG(일반인 구입), ,토스카 (06~08년)
456,쉐보레(GM대우),가솔린+LPG, ,토스카 (06~08년)
457,쉐보레(GM대우),가솔린, ,토스카 프리미엄6 (08~11년)
458,쉐보레(GM대우),디젤, ,토스카 프리미엄6 (08~11년)
459,쉐보레(GM대우),LPG(일반인 구입), ,토스카 프리미엄6 (08~11년)
460,쉐보레(GM대우),가솔린, ,더 뉴 트랙스 (16년~현재)
461,쉐보레(GM대우),디젤, ,더 뉴 트랙스 (16년~현재)
462,쉐보레(GM대우),가솔린, ,트랙스 (13~16년)
463,쉐보레(GM대우),디젤, ,트랙스 (13~16년)
464,쉐보레(GM대우),가솔린, ,티코(91~01년)
465,쉐보레(GM대우),가솔린, ,프린스 (91~96년)
466,쉐보레(GM대우),가솔린, ,뉴프린스 (96~97년)
467,르노삼성,가솔린, ,SM3 네오 (14년~현재)
468,르노삼성,디젤, ,SM3 네오 (14년~현재)
469,르노삼성,전기, ,SM3 Z.E. (13년~현재)
470,르노삼성,가솔린, ,뉴SM3 (09~14년)
471,르노삼성,가솔린, ,SM3 뉴 제너레이션 (05~11년)
472,르노삼성,LPG(일반인 구입), ,SM3 뉴 제너레이션 (05~11년)
473,르노삼성,가솔린, ,SM3 (02~05년)
474,르노삼성,가솔린, ,SM5 노바 (15년~현재)
475,르노삼성,디젤, ,SM5 노바 (15년~현재)
476,르노삼성,LPG, ,SM5 노바 (15년~현재)
477,르노삼성,가솔린, ,뉴SM5 플래티넘 (12~15년)
478,르노삼성,디젤, ,뉴SM5 플래티넘 (12~15년)
479,르노삼성,LPG, ,뉴SM5 플래티넘 (12~15년)
480,르노삼성,LPG(일반인 구입), ,뉴SM5 플래티넘 (12~15년)
481,르노삼성,가솔린, ,뉴SM5(신형) (10~12년)
482,르노삼성,LPG, ,뉴SM5(신형) (10~12년)
483,르노삼성,LPG(일반인 구입), ,뉴SM5(신형) (10~12년)
484,르노삼성,가솔린, ,SM5 뉴 임프레션 (07~10년)
485,르노삼성,LPG, ,SM5 뉴 임프레션 (07~10년)
486,르노삼성,LPG(일반인 구입), ,SM5 뉴 임프레션 (07~10년)
487,르노삼성,가솔린+CNG, ,SM5 뉴 임프레션 (07~10년)
488,르노삼성,가솔린, ,뉴SM5 (05~07년)
489,르노삼성,LPG, ,뉴SM5 (05~07년)
490,르노삼성,LPG(일반인 구입), ,뉴SM5 (05~07년)
491,르노삼성,가솔린+LPG, ,뉴SM5 (05~07년)
492,르노삼성,가솔린, ,SM5 (98~05년)
493,르노삼성,LPG, ,SM5 (98~05년)
494,르노삼성,LPG(일반인 구입), ,SM5 (98~05년)
495,르노삼성,가솔린+LPG, ,SM5 (98~05년)
496,르노삼성,가솔린, ,SM6(16년~현재)
497,르노삼성,디젤, ,SM6(16년~현재)
498,르노삼성,LPG, ,SM6(16년~현재)
499,르노삼성,가솔린, ,SM7 노바(14년~현재)
500,르노삼성,LPG, ,SM7 노바(14년~현재)
501,르노삼성,디젤, ,뉴QM3(17년~현재)
502,르노삼성,가솔린, ,QM5 네오(14~16년)
503,르노삼성,디젤, ,QM5 네오(14~16년)
504,르노삼성,가솔린, ,QM6(16년~현재)
505,르노삼성,디젤, ,QM6(16년~현재)
506,르노삼성,전기, ,트위지(17년~현재)
507,쌍용,디젤, ,로디우스 유로(12~13년)
508,쌍용,디젤, ,무쏘 스포츠(02~06년)
509,쌍용,디젤, ,액티언(05~11년)
510,쌍용,디젤, ,이스타나(95~03년)
511,쌍용,가솔린, ,뉴체어맨 W(11~17년)
512,쌍용,가솔린+LPG, ,뉴체어맨 W(11~17년)
513,쌍용,디젤, ,뉴카이런(07~11년)
514,쌍용,디젤, ,뉴 스타일 코란도 C(17년~현재)
515,쌍용,가솔린, ,티볼리(15~17년)
516,쌍용,디젤, ,티볼리(15~17년)
517,BMW,디젤, ,1시리즈 (F20) (12년~현재)
518,BMW,가솔린, ,1시리즈 (E82) (04~13년)
519,BMW,디젤, ,1시리즈 (E82) (04~13년)
520,BMW,디젤, ,2시리즈 (F22) (13년~현재)
521,BMW,디젤, ,2시리즈 액티브 투어러 (F45) (15년~현재)
522,BMW,가솔린, ,3시리즈 (F30) (12년~현재)
523,BMW,디젤, ,3시리즈 (F30) (12년~현재)
524,BMW,가솔린, ,3시리즈 (E90) (05~13년)
525,BMW,디젤, ,3시리즈 (E90) (05~13년)
526,BMW,가솔린, ,3시리즈 (75~06년)
527,BMW,가솔린, ,4시리즈 (F32)(13년~현재)
528,BMW,디젤, ,4시리즈 (F32)(13년~현재)
529,BMW,가솔린, ,5시리즈 (G30) (17년~현재)
530,BMW,디젤, ,5시리즈 (G30) (17년~현재)
531,BMW,가솔린, ,5시리즈 (F10) (10~16년)
532,BMW,디젤, ,5시리즈 (F10) (10~16년)
533,BMW,가솔린, ,5시리즈 (E60) (03~10년)
534,BMW,디젤, ,5시리즈 (E60) (03~10년)
535,BMW,가솔린+CNG, ,5시리즈 (E60) (03~10년)
536,BMW,가솔린, ,5시리즈 (72~03년)
537,BMW,가솔린, ,6시리즈 (F12) (11년~현재)
538,BMW,디젤, ,6시리즈 (F12) (11년~현재)
539,BMW,가솔린, ,6시리즈 (E63) (03~10년)
540,BMW,가솔린, ,7시리즈 (G11) (15년~현재)
541,BMW,디젤, ,7시리즈 (G11) (15년~현재)
542,BMW,가솔린, ,7시리즈 (F01) (08~15년)
543,BMW,디젤, ,7시리즈 (F01) (08~15년)
544,BMW,가솔린+전기, ,7시리즈 (F01) (08~15년)
545,BMW,가솔린, ,7시리즈 (E65) (02~08년)
546,BMW,가솔린+CNG, ,7시리즈 (E65) (02~08년)
547,BMW,가솔린, ,7시리즈 (77~01년)
548,BMW,가솔린, ,8시리즈(89~99년)
549,BMW,디젤, ,6시리즈 GT (G32) (17년~현재)
550,BMW,가솔린, ,5시리즈 GT (F07) (10~17년)
551,BMW,디젤, ,5시리즈 GT (F07) (10~17년)
552,BMW,디젤, ,3시리즈 GT (F34) (13년~현재)
553,BMW,가솔린, ,1M (E82)(11~12년)
554,BMW,가솔린, ,M2 (F87)(16년~현재)
555,BMW,가솔린, ,M3 (F80) (14년~현재)
556,BMW,가솔린, ,M3 (E90) (07~13년)
557,BMW,가솔린, ,M3 (E46) (00~06년)
558,BMW,가솔린, ,M4 (F82)(14년~현재)
559,BMW,가솔린, ,M5 (F10) (12년~현재)
560,BMW,가솔린, ,M5 (E60) (05~10년)
561,BMW,가솔린, ,M6 (F12) (12년~현재)
562,BMW,가솔린, ,M6 (E63) (05~10년)
563,BMW,디젤, ,X1 (F48) (16년~현재)
564,BMW,디젤, ,X1 (E84) (10~15년)
565,BMW,디젤, ,X3 (G01) (17년~현재)
566,BMW,디젤, ,X3 (F25) (11~17년)
567,BMW,가솔린, ,X3 (E83) (04~10년)
568,BMW,디젤, ,X3 (E83) (04~10년)
569,BMW,디젤, ,X4 (F26)(14년~현재)
570,BMW,디젤, ,X5 (F15) (13년~현재)
571,BMW,가솔린, ,X5 (E70) (07~13년)
572,BMW,디젤, ,X5 (E70) (07~13년)
573,BMW,가솔린, ,X5 (E53) (00~06년)
574,BMW,디젤, ,X6 (F16) (14년~현재)
575,BMW,가솔린, ,X6 (E71) (08~14년)
576,BMW,디젤, ,X6 (E71) (08~14년)
577,BMW,가솔린+전기, ,X6 (E71) (08~14년)
578,BMW,가솔린, ,X5M (F15) (15년~현재)
579,BMW,가솔린, ,X5M (E70) (10~13년)
580,BMW,가솔린, ,X6M (F16) (15년~현재)
581,BMW,가솔린, ,X6M (E71) (09~14년)
582,BMW,가솔린, ,Z4 (E89) (09~16년)
583,BMW,가솔린, ,Z4 (E85) (02~08년)
584,BMW,전기, ,i3(14년~현재)
585,BMW,가솔린+전기, ,i8(14년~현재)
586,GMC,가솔린, ,사바나(96년~현재)
587,GMC,가솔린+LPG, ,사바나(96년~현재)
588,GMC,가솔린, ,시에라(99년~현재)
589,GMC,가솔린, ,유콘(92년~현재)
590,닛산,가솔린, ,로그(07년~현재)
591,닛산,전기, ,리프(10년~현재)
592,닛산,가솔린, ,마치(82년~현재)
593,닛산,가솔린, ,맥시마 (A36) (15년~현재)
594,닛산,가솔린+전기, ,무라노 (Z52) (15년~현재)
595,닛산,가솔린, ,무라노 (02~14년)
596,닛산,가솔린, ,스카이라인(81년~현재)
597,닛산,가솔린, ,알티마(93년~현재)
598,닛산,가솔린, ,엘그란드(97년~현재)
599,닛산,가솔린, ,쥬크(11년~현재)
600,닛산,디젤, ,캐시카이 2세대(14년~현재)
601,닛산,가솔린, ,큐브(98년~현재)
602,닛산,가솔린, ,패스파인더 4세대 (13년~현재)
603,닛산,가솔린, ,휘가로(91~91년)
604,닛산,가솔린, ,300ZX(83~00년)
605,다이하쯔,가솔린, ,미라지노(99~09년)
606,다이하쯔,가솔린, ,에쎄(05~11년)
607,다이하쯔,가솔린, ,웨이크(14년~현재)
608,다이하쯔,가솔린, ,캐스트(15년~현재)
609,다이하쯔,가솔린, ,코펜(02년~현재)
610,다이하쯔,가솔린, ,탄토(03년~현재)
611,닷지,디젤, ,니트로(06~12년)
612,닷지,가솔린, ,다코타(87~11년)
613,닷지,가솔린+LPG, ,다코타(87~11년)
614,닷지,가솔린, ,듀랑고(98년~현재)
615,닷지,가솔린+LPG, ,듀랑고(98년~현재)
616,닷지,가솔린, ,램밴(71~03년)
617,닷지,가솔린+LPG, ,램밴(71~03년)
618,닷지,가솔린, ,램픽업(81년~현재)
619,닷지,가솔린+LPG, ,램픽업(81년~현재)
620,닷지,가솔린, ,매그넘(05~08년)
621,닷지,가솔린, ,밴(64~96년)
622,닷지,가솔린, ,챌린저(78년~현재)
623,닷지,가솔린, ,캘리버(06년~현재)
624,도요타,가솔린, ,4Runner(84년~현재)
625,도요타,가솔린, ,86(12년~현재)
626,도요타,가솔린, ,FJ 크루져(06~14년)
627,도요타,가솔린, ,MR-2(84~07년)
628,도요타,가솔린, ,MR-S(99~07년)
629,도요타,가솔린, ,RAV4(94년~현재)
630,도요타,가솔린+전기, ,RAV4(94년~현재)
631,도요타,가솔린, ,WiLL(00~05년)
632,도요타,가솔린, ,bB(00~16년)
633,도요타,가솔린, ,벤자(09~17년)
634,도요타,기타, ,벨파이어(08년~현재)
635,도요타,가솔린, ,셀리카(70~06년)
636,도요타,가솔린, ,솔라라(98~09년)
637,도요타,가솔린, ,수프라(78~02년)
638,도요타,가솔린, ,시에나(98년~현재)
639,도요타,가솔린, ,아발론(94년~현재)
640,도요타,가솔린, ,야리스(비츠)(99년~현재)
641,도요타,가솔린, ,캠리 (XV70) (17년~현재)
642,도요타,가솔린, ,뉴 캠리 (12~17년)
643,도요타,가솔린+전기, ,뉴 캠리 (12~17년)
644,도요타,가솔린, ,캠리 (86~11년)
645,도요타,가솔린+전기, ,캠리 (86~11년)
646,도요타,가솔린, ,코로나(78~03년)
647,도요타,가솔린, ,코롤라(66년~현재)
648,도요타,가솔린, ,타코마(95년~현재)
649,도요타,가솔린, ,툰드라(00년~현재)
650,도요타,가솔린+LPG, ,툰드라(00년~현재)
651,도요타,가솔린, ,파쏘(04년~현재)
652,도요타,가솔린, ,포르테(04년~현재)
653,도요타,가솔린+전기, ,프리우스 4세대 (16년~현재)
654,도요타,가솔린+LPG, ,프리우스 4세대 (16년~현재)
655,도요타,가솔린+전기, ,프리우스 (97~15년)
656,도요타,가솔린+전기, ,프리우스 V (12년~현재)
657,도요타,가솔린, ,해리어(97년~현재)
658,도요타,가솔린, ,기타(80년~현재)
659,람보르기니,가솔린, ,가야르도(03~13년)
660,람보르기니,가솔린, ,아벤타도르(11년~현재)
661,람보르기니,가솔린, ,우라칸(14년~현재)
662,람보르기니,가솔린, ,무르시엘라고(01~10년)
663,랜드로버,디젤, ,디스커버리 스포츠(15년~현재)
664,랜드로버,디젤, ,디스커버리 5 (17년~현재)
665,랜드로버,가솔린, ,디스커버리 4 (09~16년)
666,랜드로버,디젤, ,디스커버리 4 (09~16년)
667,랜드로버,가솔린, ,디스커버리 3 (04~09년)
668,랜드로버,디젤, ,디스커버리 3 (04~09년)
669,랜드로버,가솔린, ,디스커버리 2 (99~05년)
670,랜드로버,디젤, ,디스커버리 2 (99~05년)
671,랜드로버,디젤, ,레인지로버 벨라(17년~현재)
672,랜드로버,가솔린, ,레인지로버 스포츠 2세대 (13년~현재)
673,랜드로버,디젤, ,레인지로버 스포츠 2세대 (13년~현재)
674,랜드로버,가솔린, ,레인지로버 스포츠 (04~13년)
675,랜드로버,디젤, ,레인지로버 스포츠 (04~13년)
676,랜드로버,가솔린, ,레인지로버 이보크(11년~현재)
677,랜드로버,디젤, ,레인지로버 이보크(11년~현재)
678,랜드로버,가솔린, ,레인지로버 4세대 (13년~현재)
679,랜드로버,디젤, ,레인지로버 4세대 (13년~현재)
680,랜드로버,가솔린, ,레인지로버 (70~12년)
681,랜드로버,디젤, ,레인지로버 (70~12년)
682,랜드로버,가솔린, ,프리랜더2 (06~14년)
683,랜드로버,디젤, ,프리랜더2 (06~14년)
684,랜드로버,가솔린, ,프리랜더 (97~06년)
685,랜드로버,디젤, ,프리랜더 (97~06년)
686,렉서스,가솔린+전기, ,CT200h(10년~현재)
687,렉서스,가솔린, ,뉴 ES350 (12년~현재)
688,렉서스,가솔린, ,뉴 ES300h (12년~현재)
689,렉서스,가솔린+전기, ,뉴 ES300h (12년~현재)
690,렉서스,가솔린, ,ES350 (06~12년)
691,렉서스,가솔린, ,ES330 (01~06년)
692,렉서스,가솔린, ,ES300 (91~06년)
693,렉서스,가솔린, ,뉴 GS200t (16~17년)
694,렉서스,가솔린, ,뉴 GS250 (12~16년)
695,렉서스,가솔린, ,뉴 GS350 (12년~현재)
696,렉서스,가솔린+전기, ,뉴 GS450h (12년~현재)
697,렉서스,가솔린, ,GS300 (91~12년)
698,렉서스,가솔린, ,GS350 (97~12년)
699,렉서스,가솔린, ,GS430 (97~12년)
700,렉서스,가솔린+전기, ,GS450h (97~12년)
701,렉서스,가솔린, ,GS460 (05~12년)
702,렉서스,가솔린, ,GX470 (02~09년)
703,렉서스,가솔린, ,뉴 IS200t (15~17년)
704,렉서스,가솔린, ,뉴 IS250 (13년~현재)
705,렉서스,가솔린, ,IS200 (98~05년)
706,렉서스,가솔린, ,IS250 (05~13년)
707,렉서스,가솔린, ,IS F (07~14년)
708,렉서스,가솔린+전기, ,LS600hL (06~17년)
709,렉서스,가솔린, ,LS460L (06~17년)
710,렉서스,가솔린, ,LS460 (06~17년)
711,렉서스,가솔린, ,LS430 (00~06년)
712,렉서스,가솔린, ,NX200t (15~17년)
713,렉서스,가솔린+전기, ,NX300h (14년~현재)
714,렉서스,가솔린, ,RC200t (16년~현재)
715,렉서스,가솔린, ,RC350 (15년~현재)
716,렉서스,가솔린, ,RX350 4세대 (16년~현재)
717,렉서스,가솔린+전기, ,RX450h 4세대 (16년~현재)
718,렉서스,가솔린, ,RX330 (03~09년)
719,렉서스,가솔린, ,RX350 (97~15년)
720,렉서스,가솔린+전기, ,RX400h (03~09년)
721,렉서스,가솔린+전기, ,RX450h (09~15년)
722,렉서스,가솔린, ,SC430 (01~10년)
723,로터스,가솔린, ,엑시지(00년~현재)
724,로터스,가솔린, ,엘리스(96년~현재)
725,롤스로이스,가솔린, ,레이스(14년~현재)
726,르노,가솔린, ,클리오(90년~현재)
727,링컨,가솔린, ,LS(99~06년)
728,링컨,가솔린, ,MKC(14년~현재)
729,링컨,가솔린, ,뉴 MKS (12~16년)
730,링컨,가솔린, ,MKS (08~12년)
731,링컨,가솔린, ,MKX 2세대 (15년~현재)
732,링컨,가솔린, ,뉴 MKX (10~15년)
733,링컨,가솔린, ,MKX (06~10년)
734,링컨,가솔린, ,뉴 MKZ (10년~현재)
735,링컨,가솔린+전기, ,뉴 MKZ (10년~현재)
736,링컨,가솔린, ,MKZ (05~09년)
737,링컨,가솔린, ,에비에이터(02~05년)
738,링컨,가솔린, ,컨티넨탈 10세대 (16년~현재)
739,링컨,가솔린, ,타운카(81~11년)
740,마세라티,가솔린, ,그란카브리오(10년~현재)
741,마세라티,가솔린, ,그란투리스모(07년~현재)
742,마세라티,가솔린, ,기블리(13년~현재)
743,마세라티,디젤, ,기블리(13년~현재)
744,마세라티,가솔린, ,르반떼(16년~현재)
745,마세라티,디젤, ,르반떼(16년~현재)
746,마세라티,가솔린, ,스파이더(02~07년)
747,마세라티,가솔린, ,콰트로포르테(63년~현재)
748,마세라티,디젤, ,콰트로포르테(63년~현재)
749,마세라티,가솔린, ,쿠페(02~07년)
750,마이바흐,가솔린, ,57(02~12년)
751,마이바흐,가솔린, ,62s(06~12년)
752,마쯔다,가솔린, ,CX-9(06년~현재)
753,마쯔다,가솔린, ,MX-5 MIATA(89년~현재)
754,마쯔다,가솔린, ,RX-8(03~12년)
755,마쯔다,가솔린, ,유노스(89~97년)
756,맥라렌,가솔린, ,570S(15년~현재)
757,맥라렌,가솔린, ,570GT(16년~현재)
758,맥라렌,가솔린, ,650S(14~17년)
759,맥라렌,가솔린, ,675LT(15~17년)
760,맥라렌,가솔린, ,MP4-12C(11~14년)
761,미니,가솔린, ,쿠퍼 (01년~현재)
762,미니,디젤, ,쿠퍼 (01년~현재)
763,미니,가솔린, ,쿠퍼 S (01년~현재)
764,미니,가솔린, ,쿠퍼 D (07년~현재)
765,미니,디젤, ,쿠퍼 D (07년~현재)
766,미니,가솔린, ,쿠퍼 SD (12년~현재)
767,미니,디젤, ,쿠퍼 SD (12년~현재)
768,미니,가솔린, ,쿠퍼 컨버터블 (01년~현재)
769,미니,가솔린, ,쿠퍼 S 컨버터블 (01년~현재)
770,미니,가솔린, ,쿠퍼 쿠페 (11~15년)
771,미니,가솔린, ,쿠퍼 S 쿠페 (11~15년)
772,미니,디젤, ,쿠퍼 SD 쿠페 (12~15년)
773,미니,가솔린, ,쿠퍼 로드스터 (12~15년)
774,미니,가솔린, ,쿠퍼 S 로드스터 (12~15년)
775,미니,가솔린, ,쿠퍼 클럽맨 (07년~현재)
776,미니,가솔린, ,쿠퍼 S 클럽맨 (07년~현재)
777,미니,디젤, ,쿠퍼 D 클럽맨 (09년~현재)
778,미니,디젤, ,쿠퍼 SD 클럽맨 (13년~현재)
779,미니,가솔린, ,쿠퍼 컨트리맨 (11년~현재)
780,미니,가솔린, ,쿠퍼 S 컨트리맨 (11년~현재)
781,미니,디젤, ,쿠퍼 D 컨트리맨 (11년~현재)
782,미니,디젤, ,쿠퍼 SD 컨트리맨 (11년~현재)
783,미니,디젤, ,쿠퍼 D 페이스맨 (13년~현재)
784,미니,디젤, ,쿠퍼 SD 페이스맨 (13년~현재)
785,미니,가솔린, ,로버 미니(76~01년)
786,미쯔비시,가솔린, ,GTO(90~01년)
787,미쯔비시,가솔린, ,RVR(12년~현재)
788,미쯔비시,가솔린, ,랜서(73년~현재)
789,미쯔비시,가솔린, ,랜서 에볼루션(92~14년)
790,미쯔비시,가솔린, ,아웃랜더(01년~현재)
791,미쯔비시,가솔린, ,이클립스(90~12년)
792,미쯔오까,가솔린, ,가류(96년~현재)
793,미쯔오까,가솔린, ,뷰트(93년~현재)
794,벤츠,가솔린, ,A-클래스 W176 (13년~현재)
795,벤츠,디젤, ,A-클래스 W176 (13년~현재)
796,벤츠,디젤, ,B-클래스 W246 (12년~현재)
797,벤츠,가솔린, ,B-클래스 W245 (05~11년)
798,벤츠,가솔린, ,C-클래스 W205 (14년~현재)
799,벤츠,디젤, ,C-클래스 W205 (14년~현재)
800,벤츠,가솔린, ,C-클래스 W204 (07~14년)
801,벤츠,디젤, ,C-클래스 W204 (07~14년)
802,벤츠,가솔린, ,C-클래스 (93~07년)
803,벤츠,가솔린, ,CL-클래스 C216 (07~13년)
804,벤츠,가솔린, ,CL-클래스 C215 (99~06년)
805,벤츠,가솔린, ,CL-클래스 C140 (92~99년)
806,벤츠,가솔린, ,CLA-클래스 C117(14년~현재)
807,벤츠,디젤, ,CLA-클래스 C117(14년~현재)
808,벤츠,가솔린, ,CLK-클래스 C209 (02~09년)
809,벤츠,가솔린, ,CLK-클래스 C208 (97~03년)
810,벤츠,가솔린, ,CLS-클래스 W218 (11년~현재)
811,벤츠,디젤, ,CLS-클래스 W218 (11년~현재)
812,벤츠,가솔린, ,CLS-클래스 W219 (04~11년)
813,벤츠,가솔린, ,E-클래스 W213 (16년~현재)
814,벤츠,디젤, ,E-클래스 W213 (16년~현재)
815,벤츠,가솔린, ,E-클래스 W212 (09~17년)
816,벤츠,디젤, ,E-클래스 W212 (09~17년)
817,벤츠,디젤+전기, ,E-클래스 W212 (09~17년)
818,벤츠,가솔린, ,E-클래스 W211 (02~09년)
819,벤츠,디젤, ,E-클래스 W211 (02~09년)
820,벤츠,가솔린+CNG, ,E-클래스 W211 (02~09년)
821,벤츠,가솔린, ,E-클래스 W210 (95~02년)
822,벤츠,가솔린, ,E-클래스 W124 (84~95년)
823,벤츠,가솔린, ,G-클래스 W463(79년~현재)
824,벤츠,디젤, ,G-클래스 W463(79년~현재)
825,벤츠,가솔린, ,GL-클래스 X166 (12~16년)
826,벤츠,가솔린, ,GL-클래스 X164 (06~12년)
827,벤츠,가솔린, ,GLA-클래스 X156(14년~현재)
828,벤츠,디젤, ,GLA-클래스 X156(14년~현재)
829,벤츠,가솔린, ,GLC-클래스 X253(16년~현재)
830,벤츠,디젤, ,GLC-클래스 X253(16년~현재)
831,벤츠,가솔린, ,GLE-클래스 W166(16년~현재)
832,벤츠,디젤, ,GLE-클래스 W166(16년~현재)
833,벤츠,디젤, ,GLK-클래스 X204(09~15년)
834,벤츠,가솔린, ,GLS-클래스 X166(16년~현재)
835,벤츠,디젤, ,GLS-클래스 X166(16년~현재)
836,벤츠,가솔린, ,M-클래스 W166 (12~15년)
837,벤츠,디젤, ,M-클래스 W166 (12~15년)
838,벤츠,가솔린, ,M-클래스 W164 (05~11년)
839,벤츠,디젤, ,M-클래스 W164 (05~11년)
840,벤츠,가솔린, ,M-클래스 W163 (97~05년)
841,벤츠,디젤, ,M-클래스 W163 (97~05년)
842,벤츠,가솔린, ,R-클래스(05~13년)
843,벤츠,가솔린, ,S-클래스 W222 (13년~현재)
844,벤츠,디젤, ,S-클래스 W222 (13년~현재)
845,벤츠,가솔린+전기, ,S-클래스 W222 (13년~현재)
846,벤츠,가솔린, ,S-클래스 W221 (05~13년)
847,벤츠,디젤, ,S-클래스 W221 (05~13년)
848,벤츠,가솔린+전기, ,S-클래스 W221 (05~13년)
849,벤츠,가솔린+CNG, ,S-클래스 W221 (05~13년)
850,벤츠,가솔린, ,S-클래스 (93~06년)
851,벤츠,가솔린, ,뉴 SL-클래스 (08년~현재)
852,벤츠,가솔린, ,SL-클래스 (54~08년)
853,벤츠,가솔린, ,SLC-클래스 R172(16년~현재)
854,벤츠,가솔린, ,뉴 SLK-클래스 (04~16년)
855,벤츠,가솔린, ,SLK-클래스 (96~04년)
856,벤츠,가솔린, ,SLS AMG(10~14년)
857,벤츠,가솔린, ,AMG GT(14년~현재)
858,벤츠,가솔린, ,SEL/SEC(72~94년)
859,벤츠,가솔린, ,V-클래스(96년~현재)
860,벤츠,가솔린, ,스프린터(95년~현재)
861,벤츠,디젤, ,스프린터(95년~현재)
862,벤틀리,가솔린, ,벤테이가(16년~현재)
863,벤틀리,가솔린, ,아르나지(98~09년)
864,벤틀리,가솔린, ,뉴 컨티넨탈 (11년~현재)
865,벤틀리,가솔린, ,컨티넨탈 (52~11년)
866,볼보,가솔린, ,C30(06~13년)
867,볼보,디젤, ,C30(06~13년)
868,북기은상,가솔린, ,CK 미니밴(15년~현재)
869,북기은상,가솔린+LPG, ,CK 미니밴(15년~현재)
870,북기은상,가솔린, ,CK 미니트럭(15년~현재)
871,북기은상,가솔린+LPG, ,CK 미니트럭(15년~현재)
872,북기은상,가솔린, ,켄보 600(17년~현재)
873,뷰익,가솔린, ,파크애비뉴(91~12년)
874,사브,가솔린, ,뉴 9-3 (07~12년)
875,사브,디젤, ,뉴 9-3 (07~12년)
876,사브,가솔린, ,9-3 (98~07년)
877,사브,가솔린, ,9-5 (97~09년)
878,사브,가솔린, ,900(78~98년)
879,사브,가솔린, ,9000(84~97년)
880,쉐보레,디젤, ,블레이저 (83~05년)
881,쉐보레,가솔린, ,서버밴(35년~현재)
882,쉐보레,가솔린, ,실버라도(98년~현재)
883,쉐보레,가솔린+전기, ,실버라도(98년~현재)
884,쉐보레,가솔린, ,아발란치(02~13년)
885,쉐보레,가솔린+LPG, ,아발란치(02~13년)
886,쉐보레,가솔린, ,아스트로밴(95~05년)
887,쉐보레,가솔린, ,익스프레스밴(91년~현재)
888,쉐보레,가솔린+LPG, ,익스프레스밴(91년~현재)
889,쉐보레,가솔린, ,체비밴(64년~현재)
890,쉐보레,디젤, ,체비밴(64년~현재)
891,쉐보레,가솔린+LPG, ,체비밴(64년~현재)
892,쉐보레,가솔린, ,카마로(67년~현재)
893,쉐보레,가솔린, ,콜벳(53년~현재)
894,쉐보레,가솔린, ,콜로라도(04년~현재)
895,쉐보레,가솔린, ,타호(95년~현재)
896,쉐보레,가솔린, ,SSR(03~06년)
897,스마트,가솔린, ,포투 쿠페 3세대 (14년~현재)
898,스마트,가솔린, ,포투 카브리오 3세대 (16년~현재)
899,스마트,가솔린, ,포투 쿠페 (98~15년)
900,스마트,디젤, ,포투 쿠페 (98~15년)
901,스마트,가솔린, ,포투 카브리오 (00~15년)
902,스마트,디젤, ,포투 카브리오 (00~15년)
903,스마트,가솔린, ,포포 W453 (14년~현재)
904,스마트,가솔린, ,로드스터(03~06년)
905,스바루,가솔린, ,레거시(89년~현재)
906,스바루,가솔린, ,아웃백(95~12년)
907,스바루,가솔린, ,임프레자(93년~현재)
908,스바루,가솔린, ,포레스터(97~12년)
909,스즈키,가솔린, ,스위프트(04년~현재)
910,스즈키,가솔린, ,알토(79년~현재)
911,스즈키,가솔린, ,알토라팡(02년~현재)
912,스즈키,가솔린, ,허슬러(14년~현재)
913,시트로엥,디젤, ,C4 칵투스(14년~현재)
914,시트로엥,디젤, ,C4 피카소 (13년~현재)
915,시트로엥,디젤, ,그랜드 C4 피카소 (13년~현재)
916,시트로엥,가솔린, ,DS3 (09년~현재)
917,시트로엥,디젤, ,DS3 (09년~현재)
918,시트로엥,디젤, ,DS3 카브리오 (13년~현재)
919,시트로엥,디젤, ,DS4 (10년~현재)
920,시트로엥,디젤, ,DS5(11년~현재)
921,아우디,디젤, ,A1(10년~현재)
922,아우디,가솔린, ,뉴 A3 (03년~현재)
923,아우디,디젤, ,뉴 A3 (03년~현재)
924,아우디,가솔린+전기, ,뉴 A3 (03년~현재)
925,아우디,가솔린, ,A4 (B9) (16년~현재)
926,아우디,가솔린, ,뉴 A4 (05~16년)
927,아우디,디젤, ,뉴 A4 (05~16년)
928,아우디,가솔린, ,A4 (94~05년)
929,아우디,가솔린, ,A5(07년~현재)
930,아우디,디젤, ,A5(07년~현재)
931,아우디,가솔린, ,뉴 A6 (04년~현재)
932,아우디,디젤, ,뉴 A6 (04년~현재)
933,아우디,가솔린, ,A6 (94~04년)
934,아우디,가솔린, ,A7(10년~현재)
935,아우디,디젤, ,A7(10년~현재)
936,아우디,가솔린, ,뉴 A8 (02년~현재)
937,아우디,디젤, ,뉴 A8 (02년~현재)
938,아우디,가솔린, ,A8 (94~02년)
939,아우디,가솔린, ,S3(96년~현재)
940,아우디,가솔린, ,뉴 S4 (08년~현재)
941,아우디,가솔린, ,S4 (91~08년)
942,아우디,가솔린, ,S7(12년~현재)
943,아우디,가솔린, ,S6(94년~현재)
944,아우디,가솔린, ,S7(12년~현재)
945,아우디,가솔린, ,S8(94년~현재)
946,아우디,가솔린, ,뉴 TT (06~14년)
947,아우디,가솔린, ,TT (8S) (14년~현재)
948,아우디,가솔린, ,TT (98~06년)
949,아우디,가솔린, ,TTS (8S) (15년~현재)
950,아우디,가솔린, ,TTS (08~14년)
951,아우디,가솔린, ,RS4(00~08년)
952,아우디,가솔린, ,RS5(10년~현재)
953,아우디,가솔린, ,RS7(14년~현재)
954,아우디,디젤, ,Q3(11년~현재)
955,아우디,가솔린, ,Q5(08년~현재)
956,아우디,디젤, ,Q5(08년~현재)
957,아우디,디젤, ,Q7 (4M) (16년~현재)
958,아우디,가솔린, ,Q7 (05~15년)
959,아우디,디젤, ,Q7 (05~15년)
960,아우디,디젤, ,SQ5(13년~현재)
961,아우디,가솔린, ,R8 (4S) (16년~현재)
962,아우디,가솔린, ,R8 (06~15년)
963,아우디,디젤, ,올로드 콰트로(99년~현재)
964,알파 로메오,가솔린, ,156(96~07년)
965,애스턴마틴,가솔린, ,DB9(04~16년)
966,애스턴마틴,가솔린, ,V8 Vantage (05년~현재)
967,애스턴마틴,가솔린, ,V12 Vantage (09년~현재)
968,애스턴마틴,가솔린, ,뱅퀴시 (01년~현재)
969,애스턴마틴,가솔린, ,라피드(10년~현재)
970,어큐라,가솔린, ,RDX(07년~현재)
971,어큐라,가솔린, ,RSX(01~06년)
972,어큐라,가솔린, ,TL(96~14년)
973,이스즈,가솔린, ,로데오(89~04년)
974,인피니티,가솔린, ,Q30(16년~현재)
975,인피니티,디젤, ,Q50(14년~현재)
976,인피니티,가솔린+전기, ,Q50(14년~현재)
977,인피니티,가솔린, ,Q60(14년~현재)
978,인피니티,가솔린, ,Q70(14년~현재)
979,인피니티,디젤, ,Q70(14년~현재)
980,인피니티,가솔린, ,QX50(14년~현재)
981,인피니티,가솔린, ,QX60(14년~현재)
982,인피니티,가솔린, ,QX70(14년~현재)
983,인피니티,가솔린, ,QX80(14년~현재)
984,인피니티,가솔린, ,G25 (11~13년)
985,인피니티,가솔린, ,G35 (03~08년)
986,인피니티,가솔린, ,G37 (08~13년)
987,인피니티,디젤, ,M30d (10~13년)
988,인피니티,가솔린, ,M35 (03~10년)
989,인피니티,가솔린, ,M37 (10~13년)
990,인피니티,가솔린, ,M45 (03~10년)
991,인피니티,가솔린, ,M56 (10~13년)
992,인피니티,가솔린, ,Q45(90~08년)
993,인피니티,가솔린, ,EX35 (08~13년)
994,인피니티,디젤, ,EX30d (10~13년)
995,인피니티,디젤, ,FX30d (09~13년)
996,인피니티,가솔린, ,FX35 (03~13년)
997,인피니티,가솔린, ,FX45 (03~08년)
998,인피니티,가솔린, ,FX50 (09~13년)
999,인피니티,가솔린, ,JX35(12~13년)
1000,인피니티,가솔린, ,QX56 (04~13년)
1001,재규어,가솔린, ,XE(15년~현재)
1002,재규어,디젤, ,XE(15년~현재)
1003,재규어,가솔린, ,XF (X260) (16년~현재)
1004,재규어,디젤, ,XF (X260) (16년~현재)
1005,재규어,가솔린, ,New XF (11~15년)
1006,재규어,디젤, ,New XF (11~15년)
1007,재규어,가솔린, ,XF (08~11년)
1008,재규어,디젤, ,XF (08~11년)
1009,재규어,가솔린, ,All New XJ (10년~현재)
1010,재규어,디젤, ,All New XJ (10년~현재)
1011,재규어,가솔린, ,New XJ (68~09년)
1012,재규어,디젤, ,New XJ (68~09년)
1013,재규어,가솔린, ,XJ-6(68~07년)
1014,재규어,가솔린, ,XJ-8(97~09년)
1015,재규어,가솔린, ,XJR(89년~현재)
1016,재규어,가솔린, ,XK8(96~06년)
1017,재규어,가솔린, ,XKR (96~15년)
1018,재규어,가솔린, ,XKR-S (11~15년)
1019,재규어,가솔린, ,F-PACE(16년~현재)
1020,재규어,디젤, ,F-PACE(16년~현재)
1021,재규어,가솔린, ,F-TYPE(13년~현재)
1022,재규어,가솔린, ,X-TYPE(01~09년)
1023,재규어,디젤, ,X-TYPE(01~09년)
1024,재규어,가솔린, ,S-TYPE(99~08년)
1025,재규어,디젤, ,S-TYPE(99~08년)
1026,재규어,가솔린, ,다임러(68~09년)
1027,지프,가솔린, ,레니게이드(15년~현재)
1028,지프,디젤, ,레니게이드(15년~현재)
1029,지프,가솔린, ,랭글러 (JK) (07년~현재)
1030,지프,디젤, ,랭글러 (JK) (07년~현재)
1031,지프,가솔린, ,랭글러 (TJ) (96~06년)
1032,지프,가솔린, ,랭글러 (YJ) (87~95년)
1033,지프,가솔린, ,그랜드 체로키 (93년~현재)
1034,지프,디젤, ,그랜드 체로키 (93년~현재)
1035,지프,가솔린, ,체로키(KL) (14년~현재)
1036,지프,디젤, ,체로키(KL) (14년~현재)
1037,지프,가솔린, ,체로키 (84~13년)
1038,지프,디젤, ,체로키 (84~13년)
1039,지프,가솔린+LPG, ,체로키 (84~13년)
1040,지프,가솔린, ,컴패스(07년~현재)
1041,지프,디젤, ,커맨더(06~10년)
1042,캐딜락,가솔린, ,ATS(13년~현재)
1043,캐딜락,가솔린, ,ATS-V(16년~현재)
1044,캐딜락,가솔린, ,BLS(05~09년)
1045,캐딜락,가솔린, ,CT6(16년~현재)
1046,캐딜락,가솔린, ,CTS 3세대 (14년~현재)
1047,캐딜락,가솔린, ,CTS 2세대 (08~14년)
1048,캐딜락,가솔린, ,CTS 1세대 (02~07년)
1049,캐딜락,가솔린, ,CTS-V(04년~현재)
1050,캐딜락,가솔린, ,DTS(06~11년)
1051,캐딜락,가솔린, ,올 뉴 SRX (09~16년)
1052,캐딜락,가솔린, ,SRX (04~09년)
1053,캐딜락,가솔린, ,뉴 STS (07~11년)
1054,캐딜락,가솔린, ,XT5(16년~현재)
1055,캐딜락,가솔린, ,드빌(49~05년)
1056,캐딜락,가솔린+LPG, ,드빌(49~05년)
1057,캐딜락,가솔린, ,스빌(75~04년)
1058,캐딜락,가솔린, ,에스컬레이드(99년~현재)
1059,캐딜락,가솔린+LPG, ,에스컬레이드(99년~현재)
1060,캐딜락,가솔린, ,컨코어(94~99년)
1061,크라이슬러,가솔린, ,200 2세대 (15~17년)
1062,크라이슬러,가솔린, ,더 뉴 300C (12년~현재)
1063,크라이슬러,디젤, ,더 뉴 300C (12년~현재)
1064,크라이슬러,가솔린, ,올 뉴 300C (11~12년)
1065,크라이슬러,가솔린, ,300C (04~10년)
1066,크라이슬러,디젤, ,300C (04~10년)
1067,크라이슬러,가솔린+CNG, ,300C (04~10년)
1068,크라이슬러,가솔린, ,300M(99~04년)
1069,크라이슬러,가솔린, ,PT 크루저(00~10년)
1070,크라이슬러,가솔린+LPG, ,PT 크루저(00~10년)
1071,크라이슬러,가솔린, ,네온(95~06년)
1072,크라이슬러,가솔린, ,그랜드 보이저(88년~현재)
1073,크라이슬러,디젤, ,그랜드 보이저(88년~현재)
1074,크라이슬러,가솔린+LPG, ,그랜드 보이저(88년~현재)
1075,크라이슬러,가솔린, ,뉴 세브링 (07~10년)
1076,크라이슬러,디젤, ,뉴 세브링 (07~10년)
1077,크라이슬러,가솔린, ,세브링 (95~06년)
1078,크라이슬러,가솔린, ,퍼시피카(04~08년)
1079,크라이슬러,가솔린, ,캐러밴(84년~현재)
1080,크라이슬러,가솔린, ,크로스파이어(04~07년)
1081,페라리,가솔린, ,F355(94~99년)
1082,페라리,가솔린, ,F430(04~09년)
1083,페라리,가솔린, ,F12 베를리네타(12년~현재)
1084,페라리,가솔린, ,360(99~05년)
1085,페라리,가솔린, ,458(10~15년)
1086,페라리,가솔린, ,488 GTB (15년~현재)
1087,페라리,가솔린, ,488 스파이더 (15년~현재)
1088,페라리,가솔린, ,612(04~11년)
1089,페라리,가솔린, ,캘리포니아(08~17년)
1090,포드,가솔린, ,E-Series(61년~현재)
1091,포드,가솔린, ,F150(73년~현재)
1092,포드,가솔린+LPG, ,F150(73년~현재)
1093,포드,가솔린, ,F250(88년~현재)
1094,포드,가솔린, ,레인저(83년~현재)
1095,포드,가솔린, ,머스탱(64년~현재)
1096,포드,디젤, ,몬데오 4세대 (15년~현재)
1097,포드,디젤, ,몬데오 3세대 (07~14년)
1098,포드,가솔린, ,몬데오 (92~07년)
1099,포드,가솔린, ,이스케이프(01년~현재)
1100,포드,가솔린+LPG, ,이코노라인(61년~현재)
1101,포드,가솔린, ,익스플로러(91년~현재)
1102,포드,디젤, ,익스플로러(91년~현재)
1103,포드,가솔린+LPG, ,익스플로러(91년~현재)
1104,포드,디젤, ,쿠가 2세대(12년~현재)
1105,포드,가솔린, ,뉴 토러스 (09년~현재)
1106,포드,가솔린, ,토러스 (86~09년)
1107,포드,가솔린, ,트랜짓(13년~현재)
1108,포드,가솔린+LPG, ,트랜짓(13년~현재)
1109,포드,가솔린, ,파이브 헌드레드(05~07년)
1110,포드,가솔린, ,포커스(98년~현재)
1111,포드,디젤, ,포커스(98년~현재)
1112,포드,가솔린, ,퓨전(07년~현재)
1113,포드,가솔린, ,기타(80년~현재)
1114,포르쉐,가솔린, ,718 카이맨 (16년~현재)
1115,포르쉐,가솔린, ,718 박스터 (16년~현재)
1116,포르쉐,가솔린, ,911(89년~현재)
1117,포르쉐,가솔린, ,968(92~95년)
1118,포르쉐,가솔린, ,마칸(14년~현재)
1119,포르쉐,디젤, ,마칸(14년~현재)
1120,포르쉐,가솔린, ,박스터(96~16년)
1121,포르쉐,가솔린, ,카이맨(05~16년)
1122,포르쉐,가솔린, ,뉴 카이엔 (10년~현재)
1123,포르쉐,디젤, ,뉴 카이엔 (10년~현재)
1124,포르쉐,가솔린+전기, ,뉴 카이엔 (10년~현재)
1125,포르쉐,가솔린, ,카이엔 (02~10년)
1126,포르쉐,가솔린, ,파나메라 (971) (17년~현재)
1127,포르쉐,가솔린, ,파나메라 (09~16년)
1128,포르쉐,디젤, ,파나메라 (09~16년)
1129,포톤,디젤, ,툰랜드(15년~현재)
1130,폭스바겐,가솔린, ,뉴 CC (12년~현재)
1131,폭스바겐,디젤, ,뉴 CC (12년~현재)
1132,폭스바겐,가솔린, ,CC (08~12년)
1133,폭스바겐,디젤, ,CC (08~12년)
1134,폭스바겐,가솔린, ,EOS(06~15년)
1135,폭스바겐,가솔린, ,골프 7세대 (13년~현재)
1136,폭스바겐,디젤, ,골프 7세대 (13년~현재)
1137,폭스바겐,가솔린, ,골프 6세대 (08~14년)
1138,폭스바겐,디젤, ,골프 6세대 (08~14년)
1139,폭스바겐,가솔린, ,골프 5세대 (04~09년)
1140,폭스바겐,디젤, ,골프 5세대 (04~09년)
1141,폭스바겐,가솔린, ,골프 4세대 (97~04년)
1142,폭스바겐,가솔린, ,골프 3세대 (91~99년)
1143,폭스바겐,가솔린, ,골프 1세대 (74~83년)
1144,폭스바겐,가솔린, ,보라(99~05년)
1145,폭스바겐,디젤, ,더 비틀 (12년~현재)
1146,폭스바겐,가솔린, ,뉴 비틀 (98~12년)
1147,폭스바겐,가솔린, ,비틀 (38~03년)
1148,폭스바겐,가솔린, ,시로코(08년~현재)
1149,폭스바겐,디젤, ,시로코(08년~현재)
1150,폭스바겐,가솔린, ,뉴 제타 (11년~현재)
1151,폭스바겐,디젤, ,뉴 제타 (11년~현재)
1152,폭스바겐,가솔린, ,제타 (79~11년)
1153,폭스바겐,디젤, ,제타 (79~11년)
1154,폭스바겐,가솔린, ,코라도(88~95년)
1155,폭스바겐,디젤, ,뉴 투아렉 (10년~현재)
1156,폭스바겐,가솔린, ,투아렉 (02~10년)
1157,폭스바겐,디젤, ,투아렉 (02~10년)
1158,폭스바겐,가솔린, ,페이톤(02년~현재)
1159,폭스바겐,디젤, ,페이톤(02년~현재)
1160,폭스바겐,가솔린, ,더 뉴 파사트 (11~15년)
1161,폭스바겐,디젤, ,더 뉴 파사트 (11~15년)
1162,폭스바겐,가솔린, ,뉴 파사트 (05~11년)
1163,폭스바겐,디젤, ,뉴 파사트 (05~11년)
1164,폭스바겐,가솔린, ,파사트 (73~05년)
1165,폭스바겐,디젤, ,파사트 바리안트 (73년~현재)
1166,폭스바겐,가솔린, ,페이톤(02년~현재)
1167,폭스바겐,디젤, ,페이톤(02년~현재)
1168,폭스바겐,디젤, ,폴로(75년~현재)
1169,폰티악,가솔린, ,트랜스 앰(69~02년)
1170,폰티악,가솔린, ,선파이어(95~05년)
1171,폰티악,가솔린, ,솔스티스(06~09년)
1172,푸조,가솔린, ,206 (98~10년)
1173,푸조,가솔린, ,206CC (00~08년)
1174,푸조,가솔린, ,207CC (06~13년)
1175,푸조,가솔린, ,207GT (06~13년)
1176,푸조,가솔린, ,207SW (08~09년)
1177,푸조,디젤, ,208(13년~현재)
1178,푸조,디젤, ,2008(13년~현재)
1179,푸조,가솔린, ,307CC (01~09년)
1180,푸조,가솔린, ,307SW (01~09년)
1181,푸조,디젤, ,307SW (01~09년)
1182,푸조,가솔린, ,307 (01~09년)
1183,푸조,디젤, ,307 (01~09년)
1184,푸조,디젤, ,308SW 2세대 (14년~현재)
1185,푸조,디젤, ,308 2세대 (14년~현재)
1186,푸조,디젤, ,308 (07~14년)
1187,푸조,디젤, ,308CC (07~14년)
1188,푸조,디젤, ,308SW (07~14년)
1189,푸조,디젤, ,3008 2세대 (17년~현재)
1190,푸조,디젤, ,3008 (09~16년)
1191,푸조,가솔린, ,407 (04~10년)
1192,푸조,디젤, ,407 (04~10년)
1193,푸조,디젤, ,407SW (04~10년)
1194,푸조,디젤, ,508 (11년~현재)
1195,푸조,디젤, ,508SW (11년~현재)
1196,푸조,디젤, ,508 RXH (14년~현재)
1197,푸조,디젤, ,5008(17년~현재)
1198,푸조,가솔린, ,607(99~10년)
1199,푸조,디젤, ,607(99~10년)
1200,푸조,가솔린, ,RCZ(10~15년)
1201,피아트,가솔린, ,124 스파이더(16년~현재)
1202,피아트,가솔린, ,500X(16년~현재)
1203,피아트,디젤, ,500X(16년~현재)
1204,피아트,가솔린, ,500 (07년~현재)
1205,피아트,가솔린, ,500C (09년~현재)
1206,피아트,디젤, ,멀티피아(98~10년)
1207,피아트,가솔린, ,판다(80~03년)
1208,피아트,디젤, ,프리몬트(11년~현재)
1209,험머,가솔린, ,H2(02~09년)
1210,험머,가솔린, ,H3 (05~10년)
1211,험머,가솔린, ,H3T (09~10년)
1212,혼다,가솔린, ,CR-V 5세대 (17년~현재)
1213,혼다,가솔린, ,New CR-V (11~16년)
1214,혼다,가솔린, ,CR-V (96~11년)
1215,혼다,가솔린+전기, ,CR-Z(10~16년)
1216,혼다,가솔린, ,Fit(01년~현재)
1217,혼다,가솔린, ,HR-V(16년~현재)
1218,혼다,가솔린, ,N-BOX(12년~현재)
1219,혼다,가솔린, ,S2000(99~09년)
1220,혼다,가솔린, ,S660(15년~현재)
1221,혼다,가솔린, ,레전드 5세대 (15년~현재)
1222,혼다,가솔린, ,레전드 4세대 (04~12년)
1223,혼다,가솔린, ,스텝웨건(96년~현재)
1224,혼다,가솔린, ,시빅(73년~현재)
1225,혼다,가솔린+전기, ,시빅(73년~현재)
1226,혼다,가솔린, ,올뉴어코드 (08년~현재)
1227,혼다,가솔린+전기, ,올뉴어코드 (08년~현재)
1228,혼다,가솔린, ,어코드 (76~07년)
1229,혼다,가솔린, ,엘리멘트(03~11년)
1230,혼다,가솔린, ,오딧세이(95년~현재)
1231,혼다,가솔린+전기, ,인사이트(99~14년)
1232,혼다,가솔린, ,인테그라(85~06년)
1233,혼다,가솔린, ,크로스투어(10~15년)
1234,혼다,가솔린, ,파일럿 3세대 (15년~현재)
1235,혼다,가솔린, ,파일럿 (03~15년)
