,car_brand_name,car_fuel,car_type,car_name_detail,car_country,car_name,car_people
0,현대,가솔린,준중형,i30 (PD) (16년~현재),국산,i30,5
1,현대,디젤,준중형,i30 (PD) (16년~현재),국산,i30,5
2,현대,가솔린,준중형,더 뉴 i30 (15~16년),국산,i30,5
3,현대,디젤,준중형,더 뉴 i30 (15~16년),국산,i30,5
4,현대,가솔린,준중형,i30(신형) (11~15년),국산,i30,5
5,현대,디젤,준중형,i30(신형) (11~15년),국산,i30,5
6,현대,가솔린,준중형,i30 (07~11년),국산,i30,5
7,현대,디젤,준중형,i30 (07~11년),국산,i30,5
8,현대,가솔린,준중형,i30 cw (08~11년),국산,i30,5
9,현대,디젤,준중형,i30 cw (08~11년),국산,i30,5
10,현대,가솔린,중형,더 뉴 i40 (15년~현재),국산,i40,5
11,현대,디젤,중형,더 뉴 i40 (15년~현재),국산,i40,5
12,현대,가솔린,중형,더 뉴 i40 살룬(15년~현재),국산,i40,5
13,현대,디젤,준중형,더 뉴 i40 살룬(15년~현재),국산,i40,5
14,현대,가솔린,준중형,i40 (11~15년),국산,i40,5
15,현대,디젤,준중형,i40 (11~15년),국산,i40,5
16,현대,가솔린,준중형,i40 살룬 (12~15년),국산,i40,5
17,현대,디젤,준중형,i40 살룬 (12~15년),국산,i40,5
18,현대,가솔린,대형,그랜저 IG (16년~현재),국산,그랜저,5
19,현대,디젤,대형,그랜저 IG (16년~현재),국산,그랜저,5
20,현대,LPG,대형,그랜저 IG (16년~현재),국산,그랜저,5
21,현대,가솔린+전기,대형,그랜저 IG 하이브리드 (17년~현재),국산,그랜저,5
22,현대,가솔린,대형,그랜저 HG (11~16년),국산,그랜저,5
23,현대,디젤,대형,그랜저 HG (11~16년),국산,그랜저,5
24,현대,LPG,대형,그랜저 HG (11~16년),국산,그랜저,5
25,현대,LPG(일반인 구입),대형,그랜저 HG (11~16년),국산,그랜저,5
26,현대,가솔린+전기,대형,그랜저 HG 하이브리드 (13~17년),국산,그랜저,5
27,현대,가솔린+LPG,대형,그랜저 HG 하이브리드 (13~17년),국산,그랜저,5
28,현대,가솔린,대형,더 럭셔리 그랜저 (09~11년),국산,그랜저,5
29,현대,LPG(일반인 구입),대형,더 럭셔리 그랜저 (09~11년),국산,그랜저,5
30,현대,가솔린+CNG,대형,더 럭셔리 그랜저 (09~11년),국산,그랜저,5
31,현대,가솔린,대형,그랜저 뉴 럭셔리 (08~09년),국산,그랜저,5
32,현대,LPG,대형,그랜저 뉴 럭셔리 (08~09년),국산,그랜저,5
33,현대,LPG(일반인 구입),대형,그랜저 뉴 럭셔리 (08~09년),국산,그랜저,5
34,현대,가솔린,SUV,더 뉴 맥스크루즈 (15년~현재),국산,맥스크루즈,6
35,현대,디젤,SUV,더 뉴 맥스크루즈 (15년~현재),국산,맥스크루즈,6
36,현대,가솔린,SUV,더 뉴 맥스크루즈 (15년~현재),국산,맥스크루즈,7
37,현대,디젤,SUV,더 뉴 맥스크루즈 (15년~현재),국산,맥스크루즈,7
38,현대,가솔린,SUV,맥스크루즈 (13년~15년),국산,맥스크루즈,6
39,현대,디젤,SUV,맥스크루즈 (13년~15년),국산,맥스크루즈,6
40,현대,가솔린,SUV,맥스크루즈 (13년~15년),국산,맥스크루즈,7
41,현대,디젤,SUV,맥스크루즈 (13년~15년),국산,맥스크루즈,7
42,현대,가솔린,SUV,베라크루즈(06~15년),국산,베라크루즈,7
43,현대,디젤,SUV,베라크루즈(06~15년),국산,베라크루즈,7
44,현대,가솔린+LPG,SUV,베라크루즈(06~15년),국산,베라크루즈,7
45,현대,가솔린,준중형,더 뉴 벨로스터 (15~18년),국산,벨로스터,5
46,현대,가솔린,준중형,벨로스터 (11~14년),국산,벨로스터,5
47,현대,디젤,승합,더 뉴 그랜드 스타렉스 (17년~현재),국산,스타렉스,9
48,현대,디젤,승합,더 뉴 그랜드 스타렉스 (17년~현재),국산,스타렉스,11
49,현대,디젤,승합,그랜드 스타렉스 (07~17년),국산,스타렉스,9
50,현대,디젤,승합,그랜드 스타렉스 (07~17년),국산,스타렉스,11
51,현대,LPG,승합,그랜드 스타렉스 (07~17년),국산,스타렉스,9
52,현대,LPG,승합,그랜드 스타렉스 (07~17년),국산,스타렉스,11
53,현대,디젤,SUV,싼타페 TM (18년~현재),국산,싼타페,5
54,현대,디젤,SUV,싼타페 TM (18년~현재),국산,싼타페,7
55,현대,가솔린,SUV,싼타페 더 프라임 (15~18년),국산,싼타페,5
56,현대,가솔린,SUV,싼타페 더 프라임 (15~18년),국산,싼타페,7
57,현대,디젤,SUV,싼타페 더 프라임 (15~18년),국산,싼타페,5
58,현대,디젤,SUV,싼타페 더 프라임 (15~18년),국산,싼타페,7
59,현대,디젤,SUV,싼타페 DM (12~15년),국산,싼타페,5
60,현대,디젤,SUV,싼타페 DM (12~15년),국산,싼타페,7
61,현대,가솔린,SUV,싼타페 CM (05~12년),국산,싼타페,5
62,현대,가솔린,SUV,싼타페 CM (05~12년),국산,싼타페,7
63,현대,디젤,SUV,싼타페 CM (05~12년),국산,싼타페,5
64,현대,디젤,SUV,싼타페 CM (05~12년),국산,싼타페,7
65,현대,가솔린,중형,쏘나타 뉴 라이즈 (17년~현재),국산,쏘나타,5
66,현대,디젤,중형,쏘나타 뉴 라이즈 (17년~현재),국산,쏘나타,5
67,현대,LPG,중형,쏘나타 뉴 라이즈 (17년~현재),국산,쏘나타,5
68,현대,가솔린+전기,중형,쏘나타 뉴 라이즈 하이브리드 (17년~현재),국산,쏘나타,5
69,현대,가솔린+전기,중형,LF 쏘나타 하이브리드 (14~17년),국산,쏘나타,5
70,현대,가솔린+LPG,중형,LF 쏘나타 하이브리드 (14~17년),국산,쏘나타,5
71,현대,가솔린,중형,LF 쏘나타 (14~17년),국산,쏘나타,5
72,현대,디젤,중형,LF 쏘나타 (14~17년),국산,쏘나타,5
73,현대,LPG,중형,LF 쏘나타 (14~17년),국산,쏘나타,5
74,현대,가솔린,중형,쏘나타 더 브릴리언트 (12~14년),국산,쏘나타,5
75,현대,LPG,중형,쏘나타 더 브릴리언트 (12~14년),국산,쏘나타,5
76,현대,LPG(일반인 구입),중형,쏘나타 더 브릴리언트 (12~14년),국산,쏘나타,5
77,현대,가솔린+CNG,중형,쏘나타 더 브릴리언트 (12~14년),국산,쏘나타,5
78,현대,가솔린,중형,YF 쏘나타 (09~12년),국산,쏘나타,5
79,현대,LPG,중형,YF 쏘나타 (09~12년),국산,쏘나타,5
80,현대,LPG(일반인 구입),중형,YF 쏘나타 (09~12년),국산,쏘나타,5
81,현대,가솔린+전기,중형,쏘나타 하이브리드 (11~14년),국산,쏘나타,5
82,현대,가솔린+LPG,중형,쏘나타 하이브리드 (11~14년),국산,쏘나타,5
83,현대,가솔린,중형,NF 쏘나타 트랜스폼 (07~13년),국산,쏘나타,5
84,현대,디젤,중형,NF 쏘나타 트랜스폼 (07~13년),국산,쏘나타,5
85,현대,LPG,중형,NF 쏘나타 트랜스폼 (07~13년),국산,쏘나타,5
86,현대,LPG(일반인 구입),중형,NF 쏘나타 트랜스폼 (07~13년),국산,쏘나타,5
87,현대,가솔린+CNG,중형,NF 쏘나타 트랜스폼 (07~13년),국산,쏘나타,5
88,현대,디젤,대형,쏠라티(15년~현재),국산,쏠라티,15
89,현대,가솔린,준중형,아반떼 AD (15년~현재),국산,아반떼,5
90,현대,디젤,준중형,아반떼 AD (15년~현재),국산,아반떼,5
91,현대,LPG,준중형,아반떼 AD (15년~현재),국산,아반떼,5
92,현대,가솔린,준중형,더 뉴 아반떼 (13~15년),국산,아반떼,5
93,현대,디젤,준중형,더 뉴 아반떼 (13~15년),국산,아반떼,5
94,현대,LPG,준중형,더 뉴 아반떼 (13~15년),국산,아반떼,5
95,현대,가솔린,준중형,아반떼 쿠페 (13~15년),국산,아반떼,5
96,현대,가솔린,준중형,아반떼 MD (10~13년),국산,아반떼,5
97,현대,LPG,준중형,아반떼 MD (10~13년),국산,아반떼,5
98,현대,LPG(일반인 구입),준중형,아반떼 MD (10~13년),국산,아반떼,5
99,현대,가솔린,준중형,아반떼 HD (06~10년),국산,아반떼,5
100,현대,디젤,준중형,아반떼 HD (06~10년),국산,아반떼,5
101,현대,LPG(일반인 구입),준중형,아반떼 HD (06~10년),국산,아반떼,5
102,현대,가솔린+LPG,준중형,아반떼 HD (06~10년),국산,아반떼,5
103,현대,가솔린+CNG,준중형,아반떼 HD (06~10년),국산,아반떼,5
104,현대,LPG+전기,준중형,아반떼 하이브리드 (09~13년),국산,아반떼,5
105,현대,가솔린+LPG,준중형,아반떼 하이브리드 (09~13년),국산,아반떼,5
106,현대,가솔린,대형,아슬란(14~18년),국산,아슬란,5
107,현대,가솔린+전기,준중형,아이오닉 하이브리드 (16년~현재),국산,아이오닉,5
108,현대,전기,준중형,아이오닉 일렉트릭 (16년~현재),국산,아이오닉,5
109,현대,가솔린,경형,아토스(97~02년),국산,아토스,5
110,현대,가솔린,대형,에쿠스(신형) (09~15년),국산,에쿠스,5
111,현대,LPG(일반인 구입),대형,에쿠스(신형) (09~15년),국산,에쿠스,5
112,현대,가솔린+LPG,대형,에쿠스(신형) (09~15년),국산,에쿠스,5
113,현대,가솔린+CNG,대형,에쿠스(신형) (09~15년),국산,에쿠스,5
114,현대,가솔린,대형,에쿠스 (99~09년),국산,에쿠스,5
115,현대,LPG(일반인 구입),대형,에쿠스 (99~09년),국산,에쿠스,5
116,현대,가솔린+LPG,대형,에쿠스 (99~09년),국산,에쿠스,5
117,현대,가솔린+CNG,대형,에쿠스 (99~09년),국산,에쿠스,5
118,현대,가솔린,소형,엑센트(신형) (10년~현재),국산,엑센트,5
119,현대,디젤,소형,엑센트(신형) (10년~현재),국산,엑센트,5
120,현대,가솔린,대형,제네시스 DH (13~16년),국산,제네시스,5
121,현대,가솔린,대형,제네시스 (08~13년),국산,제네시스,5
122,현대,LPG(일반인 구입),대형,제네시스 (08~13년),국산,제네시스,5
123,현대,가솔린+LPG,대형,제네시스 (08~13년),국산,제네시스,5
124,현대,가솔린+CNG,대형,제네시스 (08~13년),국산,제네시스,5
125,현대,가솔린,중형,더 뉴 제네시스 쿠페 (11~16년),국산,제네시스,5
126,현대,가솔린,중형,제네시스 쿠페 (08~11년),국산,제네시스,5
127,현대,가솔린,SUV,코나 (17년~현재),국산,코나,5
128,현대,디젤,SUV,코나 (17년~현재),국산,코나,5
129,현대,가솔린,소형,뉴 클릭 (05~10년),국산,클릭,5
130,현대,디젤,소형,뉴 클릭 (05~10년),국산,클릭,5
131,현대,가솔린,SUV,올 뉴 투싼 (15년~현재),국산,투싼,5
132,현대,디젤,SUV,올 뉴 투싼 (15년~현재),국산,투싼,5
133,현대,가솔린,SUV,뉴 투싼 ix (13~15년),국산,투싼,5
134,현대,디젤,SUV,뉴 투싼 ix (13~15년),국산,투싼,5
135,현대,가솔린,SUV,투싼 ix (09~13년),국산,투싼,5
136,현대,디젤,SUV,투싼 ix (09~13년),국산,투싼,5
137,현대,가솔린,SUV,투싼 (04~09년),국산,투싼,5
138,현대,디젤,SUV,투싼 (04~09년),국산,투싼,5
139,제네시스,가솔린,준중형,G70(17년~현재),국산,G70,5
140,제네시스,디젤,준중형,G70(17년~현재),국산,G70,5
141,제네시스,가솔린,대형,G80(16년~현재),국산,G80,5
142,제네시스,디젤,대형,G80(16년~현재),국산,G80,5
143,제네시스,가솔린,대형,EQ900(15년~현재),국산,EQ900,5
144,기아,가솔린,준중형,더 뉴 K3 (15~18년),국산,K3,5
145,기아,디젤,준중형,더 뉴 K3 (15~18),국산,K3,5
146,기아,가솔린,준중형,더 뉴 K3 쿱 (16~17년),국산,K3,5
147,기아,가솔린,준중형,K3 (12~15년),국산,K3,5
148,기아,디젤,준중형,K3 (12~15년),국산,K3,5
149,기아,가솔린,준중형,K3 쿱 (13~16년),국산,K3,5
150,기아,가솔린,준중형,K3 유로 (13~16년),국산,K3,5
151,기아,가솔린,중형,K5 2세대 (15~18년),국산,K5,5
152,기아,디젤,중형,K5 2세대 (15~18년),국산,K5,5
153,기아,LPG,중형,K5 2세대 (15~18년),국산,K5,5
154,기아,가솔린,중형,더 뉴 K5 (13~15년),국산,K5,5
155,기아,LPG,중형,더 뉴 K5 (13~15년),국산,K5,5
156,기아,가솔린,중형,K5 (10~13년),국산,K5,5
157,기아,LPG,중형,K5 (10~13년),국산,K5,5
158,기아,LPG(일반인 구입),중형,K5 (10~13년),국산,K5,5
159,기아,가솔린+전기,중형,K5 하이브리드 2세대 (15년~현재),국산,K5,5
160,기아,가솔린+전기,중형,K5 하이브리드 (11~15년),국산,K5,5
161,기아,가솔린,중형,K5 2세대 (15~18년),국산,K5,5
162,기아,디젤,중형,K5 2세대 (15~18년),국산,K5,5
163,기아,LPG,중형,K5 2세대 (15~18년),국산,K5,5
164,기아,가솔린,중형,더 뉴 K5 (13~15년),국산,K5,5
165,기아,LPG,중형,더 뉴 K5 (13~15년),국산,K5,5
166,기아,가솔린,중형,K5 (10~13년),국산,K5,5
167,기아,LPG,중형,K5 (10~13년),국산,K5,5
168,기아,LPG(일반인 구입),중형,K5 (10~13년),국산,K5,5
169,기아,가솔린+전기,중형,K5 하이브리드 2세대 (15년~현재),국산,K5,5
170,기아,가솔린+전기,중형,K5 하이브리드 (11~15년),국산,K5,5
171,기아,가솔린,대형,올 뉴 K7 (16년~현재),국산,K7,5
172,기아,디젤,대형,올 뉴 K7 (16년~현재),국산,K7,5
173,기아,LPG,대형,올 뉴 K7 (16년~현재),국산,K7,5
174,기아,가솔린+전기,대형,올 뉴 K7 하이브리드 (16년~현재),국산,K7,5
175,기아,가솔린,대형,더 뉴 K7 (12~16년),국산,K7,5
176,기아,LPG,대형,더 뉴 K7 (12~16년),국산,K7,5
177,기아,LPG(일반인 구입),대형,더 뉴 K7 (12~16년),국산,K7,5
178,기아,가솔린+전기,대형,K7 하이브리드 (13~16년),국산,K7,5
179,기아,가솔린,대형,더 프레스티지 K7 (11~12년),국산,K7,5
180,기아,LPG(일반인 구입),대형,더 프레스티지 K7 (11~12년),국산,K7,5
181,기아,가솔린,대형,K7 (09~11년),국산,K7,5
182,기아,LPG(일반인 구입),대형,K7 (09~11년),국산,K7,5
183,기아,가솔린,대형,더 뉴 K9 (14년~현재),국산,K9,5
184,기아,가솔린,대형,K9 (12~14년),국산,K9,5
185,기아,가솔린+전기,SUV,니로(16년~현재),국산,니로,5
186,기아,가솔린+LPG,SUV,니로(16년~현재),국산,니로,5
187,기아,가솔린,경형,더 뉴 레이 (17년~현재),국산,레이,5
188,기아,가솔린,경형,레이 (11~17년),국산,레이,5
189,기아,가솔린+LPG,경형,레이 (11~17년),국산,레이,5
190,기아,전기,경형,레이 (11~17년),국산,레이,5
191,기아,디젤,소형,레토나(98~03년),국산,레토나,5
192,기아,가솔린,중형,로체 이노베이션 (08~10년),국산,로체,5
193,기아,LPG,중형,로체 이노베이션 (08~10년),국산,로체,5
194,기아,LPG(일반인 구입),중형,로체 이노베이션 (08~10년),국산,로체,5
195,기아,가솔린,경형,올 뉴 모닝 (JA) (17년~현재),국산,모닝,5
196,기아,LPG(일반인 구입),경형,올 뉴 모닝 (JA) (17년~현재),국산,모닝,5
197,기아,가솔린,경형,더 뉴 모닝 (15~17년),국산,모닝,5
198,기아,가솔린+LPG,경형,더 뉴 모닝 (15~17년),국산,모닝,5
199,기아,가솔린,경형,올 뉴 모닝 (11~15년),국산,모닝,5
200,기아,LPG,경형,올 뉴 모닝 (11~15년),국산,모닝,5
201,기아,LPG(일반인 구입),경형,올 뉴 모닝 (11~15년),국산,모닝,5
202,기아,가솔린+LPG,경형,올 뉴 모닝 (11~15년),국산,모닝,5
203,기아,가솔린,경형,뉴모닝 (08~11년),국산,모닝,5
204,기아,LPG,경형,뉴모닝 (08~11년),국산,모닝,5
205,기아,LPG(일반인 구입),경형,뉴모닝 (08~11년),국산,모닝,5
206,기아,가솔린+LPG,경형,뉴모닝 (08~11년),국산,모닝,5
207,기아,디젤,SUV,더 뉴 모하비 (16년~현재),국산,모하비,5
208,기아,디젤,SUV,더 뉴 모하비 (16년~현재),국산,모하비,7
209,기아,가솔린,SUV,모하비 (07년~16년),국산,모하비,5
210,기아,가솔린,SUV,모하비 (07년~16년),국산,모하비,7
211,기아,디젤,SUV,모하비 (07년~16년),국산,모하비,5
212,기아,디젤,SUV,모하비 (07년~16년),국산,모하비,7
213,기아,가솔린,SUV,스토닉(17년~현재),국산,스토닉,5
214,기아,디젤,SUV,스토닉(17년~현재),국산,스토닉,5
215,기아,가솔린,중형,스팅어(17년~현재),국산,스팅어,5
216,기아,디젤,중형,스팅어(17년~현재),국산,스팅어,5
217,기아,가솔린,SUV,스포티지 4세대 (15년~현재),국산,스포티지,5
218,기아,디젤,SUV,스포티지 4세대 (15년~현재),국산,스포티지,5
219,기아,가솔린,SUV,더 뉴 스포티지 R (13~15년),국산,스포티지,5
220,기아,디젤,SUV,더 뉴 스포티지 R (13~15년),국산,스포티지,5
221,기아,가솔린,SUV,스포티지 R (10~13년),국산,스포티지,5
222,기아,디젤,SUV,스포티지 R (10~13년),국산,스포티지,5
223,기아,가솔린,SUV,New 스포티지 (04~10년),국산,스포티지,5
224,기아,디젤,SUV,New 스포티지 (04~10년),국산,스포티지,5
225,기아,LPG(일반인 구입),SUV,New 스포티지 (04~10년),국산,스포티지,5
226,기아,가솔린,SUV,더 뉴 쏘렌토 (17년~현재),국산,쏘렌토,5
227,기아,가솔린,SUV,더 뉴 쏘렌토 (17년~현재),국산,쏘렌토,7
228,기아,디젤,SUV,더 뉴 쏘렌토 (17년~현재),국산,쏘렌토,5
229,기아,디젤,SUV,더 뉴 쏘렌토 (17년~현재),국산,쏘렌토,7
230,기아,가솔린,SUV,올 뉴 쏘렌토 (14~17년),국산,쏘렌토,5
231,기아,가솔린,SUV,올 뉴 쏘렌토 (14~17년),국산,쏘렌토,7
232,기아,디젤,SUV,올 뉴 쏘렌토 (14~17년),국산,쏘렌토,5
233,기아,디젤,SUV,올 뉴 쏘렌토 (14~17년),국산,쏘렌토,7
234,기아,디젤,SUV,뉴 쏘렌토 R (12~14년),국산,쏘렌토,5
235,기아,디젤,SUV,뉴 쏘렌토 R (12~14년),국산,쏘렌토,7
236,기아,가솔린,SUV,쏘렌토 R (09~12년),국산,쏘렌토,5
237,기아,가솔린,SUV,쏘렌토 R (09~12년),국산,쏘렌토,7
238,기아,디젤,SUV,쏘렌토 R (09~12년),국산,쏘렌토,5
239,기아,디젤,SUV,쏘렌토 R (09~12년),국산,쏘렌토,7
240,기아,LPG(일반인 구입),SUV,쏘렌토 R (09~12년),국산,쏘렌토,5
241,기아,LPG(일반인 구입),SUV,쏘렌토 R (09~12년),국산,쏘렌토,7
242,기아,디젤,SUV,뉴쏘렌토 (06~09년),국산,쏘렌토,5
243,기아,디젤,SUV,뉴쏘렌토 (06~09년),국산,쏘렌토,7
244,기아,가솔린,SUV,더 뉴 쏘울 (16년~현재),국산,쏘울,5
245,기아,가솔린,SUV,올 뉴 쏘울 (13~16년),국산,쏘울,5
246,기아,디젤,SUV,올 뉴 쏘울 (13~16년),국산,쏘울,5
247,기아,가솔린,SUV,쏘울 (08~13년),국산,쏘울,5
248,기아,디젤,SUV,쏘울 (08~13년),국산,쏘울,5
249,기아,전기,SUV,쏘울 EV (14년~현재),국산,쏘울,5
250,기아,가솔린,승합,올 뉴 카니발 (18년~현재),국산,카니발,9
251,기아,가솔린,승합,올 뉴 카니발 (18년~현재),국산,카니발,11
252,기아,디젤,승합,올 뉴 카니발 (18년~현재),국산,카니발,9
253,기아,디젤,승합,올 뉴 카니발 (18년~현재),국산,카니발,11
254,기아,가솔린,승합,카니발 R (10~14년),국산,카니발,9
255,기아,가솔린,승합,카니발 R (10~14년),국산,카니발,11
256,기아,디젤,승합,카니발 R (10~14년),국산,카니발,9
257,기아,디젤,승합,카니발 R (10~14년),국산,카니발,11
258,기아,디젤,승합,그랜드 카니발 (05~10년),국산,카니발,9
259,기아,디젤,승합,그랜드 카니발 (05~10년),국산,카니발,11
260,기아,LPG,승합,그랜드 카니발 (05~10년),국산,카니발,9
261,기아,LPG,승합,그랜드 카니발 (05~10년),국산,카니발,11
262,기아,디젤,승합,뉴카니발 (06~10년),국산,카니발,9
263,기아,디젤,승합,뉴카니발 (06~10년),국산,카니발,11
264,기아,디젤,준중형,올 뉴 카렌스 (13~16년),국산,카렌스,5
265,기아,디젤,준중형,올 뉴 카렌스 (13~16년),국산,카렌스,7
266,기아,LPG,준중형,올 뉴 카렌스 (13~16년),국산,카렌스,5
267,기아,LPG,준중형,올 뉴 카렌스 (13~16년),국산,카렌스,7
268,기아,가솔린,준중형,뉴카렌스 (06~13년),국산,카렌스,5
269,기아,가솔린,준중형,뉴카렌스 (06~13년),국산,카렌스,7
270,기아,디젤,준중형,뉴카렌스 (06~13년),국산,카렌스,5
271,기아,디젤,준중형,뉴카렌스 (06~13년),국산,카렌스,7
272,기아,LPG,준중형,뉴카렌스 (06~13년),국산,카렌스,5
273,기아,LPG,준중형,뉴카렌스 (06~13년),국산,카렌스,7
274,기아,가솔린,소형,더 뉴 프라이드 (15~17년),국산,프라이드,5
275,기아,가솔린,소형,올 뉴 프라이드 (11~15년),국산,프라이드,5
276,기아,디젤,소형,올 뉴 프라이드 (11~15년),국산,프라이드,5
277,기아,가솔린,소형,프라이드(신형) (05~11년),국산,프라이드,5
278,기아,디젤,소형,프라이드(신형) (05~11년),국산,프라이드,5
279,기아,가솔린+전기,소형,프라이드(신형) (05~11년),국산,프라이드,5
280,기아,가솔린+LPG,소형,프라이드(신형) (05~11년),국산,프라이드,5
281,기아,가솔린+CNG,소형,프라이드(신형) (05~11년),국산,프라이드,5
282,쉐보레(GM대우),가솔린,준중형,라세티 프리미어 (08~11년),국산,라세티,5
283,쉐보레(GM대우),디젤,준중형,라세티 프리미어 (08~11년),국산,라세티,5
284,쉐보레(GM대우),가솔린,경형,마티즈 크리에이티브 (09~11년),국산,마티즈,5
285,쉐보레(GM대우),LPG,경형,마티즈 크리에이티브 (09~11년),국산,마티즈,5
286,쉐보레(GM대우),LPG(일반인 구입),경형,마티즈 크리에이티브 (09~11년),국산,마티즈,5
287,쉐보레(GM대우),가솔린,경형,All New 마티즈 (05~09년),국산,마티즈,5
288,쉐보레(GM대우),가솔린,경형,마티즈 클래식 (09~11년),국산,마티즈,5
289,쉐보레(GM대우),LPG(일반인 구입),경형,마티즈 클래식 (09~11년),국산,마티즈,5
290,쉐보레(GM대우),가솔린,중형,올 뉴 말리부 (16년~현재),국산,말리부,5
291,쉐보레(GM대우),가솔린+전기,중형,올 뉴 말리부 (16년~현재),국산,말리부,5
292,쉐보레(GM대우),가솔린,중형,말리부 (11~16년),국산,말리부,5
293,쉐보레(GM대우),디젤,중형,말리부 (11~16년),국산,말리부,5
294,쉐보레(GM대우),LPG,중형,말리부 (11~16년),국산,말리부,5
295,쉐보레(GM대우),LPG(일반인 구입),중형,말리부 (11~16년),국산,말리부,5
296,쉐보레(GM대우),가솔린,경형,더 넥스트 스파크 (15년~현재),국산,스파크,5
297,쉐보레(GM대우),가솔린,경형,스파크 (11~15년),국산,스파크,5
298,쉐보레(GM대우),LPG,경형,스파크 (11~15년),국산,스파크,5
299,쉐보레(GM대우),LPG(일반인 구입),경형,스파크 (11~15년),국산,스파크,5
300,쉐보레(GM대우),가솔린,소형,더 뉴 아베오 세단 (16년~현재),국산,아베오,5
301,쉐보레(GM대우),가솔린,소형,더 뉴 아베오 해치백 (16년~현재),국산,아베오,5
302,쉐보레(GM대우),가솔린,소형,아베오 세단 (11~16년),국산,아베오,5
303,쉐보레(GM대우),가솔린,소형,아베오 해치백 (11~16년),국산,아베오,5
304,쉐보레(GM대우),가솔린,대형,알페온(10~15년),국산,알페온,5
305,쉐보레(GM대우),가솔린+전기,대형,알페온(10~15년),국산,알페온,5
306,쉐보레(GM대우),디젤,SUV,올란도(11년~현재),국산,올란도,7
307,쉐보레(GM대우),LPG,SUV,올란도(11년~현재),국산,올란도,7
308,쉐보레(GM대우),LPG(일반인 구입),SUV,올란도(11년~현재),국산,올란도,7
309,쉐보레(GM대우),디젤,중형,윈스톰 (06~10년),국산,윈스톰,5
310,쉐보레(GM대우),디젤,중형,윈스톰 맥스 (08~10년),국산,윈스톰,5
311,쉐보레(GM대우),가솔린,대형,임팔라(15년~현재),국산,임팔라,5
312,쉐보레(GM대우),가솔린,스포츠카,올 뉴 카마로 (16년~현재),국산,카마로,4
313,쉐보레(GM대우),가솔린,스포츠카,카마로 (11~15년),국산,카마로,4
314,쉐보레(GM대우),가솔린,SUV,캡티바(11년~현재),국산,캡티바,5
315,쉐보레(GM대우),가솔린,SUV,캡티바(11년~현재),국산,캡티바,7
316,쉐보레(GM대우),디젤,SUV,캡티바(11년~현재),국산,캡티바,5
317,쉐보레(GM대우),디젤,SUV,캡티바(11년~현재),국산,캡티바,7
318,쉐보레(GM대우),가솔린,준중형,올 뉴 크루즈 (17년~현재),국산,크루즈,5
319,쉐보레(GM대우),디젤,준중형,올 뉴 크루즈 (17년~현재),국산,크루즈,5
320,쉐보레(GM대우),가솔린,준중형,어메이징 뉴 크루즈 (15~17년),국산,크루즈,5
321,쉐보레(GM대우),디젤,준중형,어메이징 뉴 크루즈 (15~17년),국산,크루즈,5
322,쉐보레(GM대우),가솔린,준중형,어메이징 뉴 크루즈5 (15~17년),국산,크루즈,5
323,쉐보레(GM대우),디젤,준중형,어메이징 뉴 크루즈5 (15~17년),국산,크루즈,5
324,쉐보레(GM대우),가솔린,준중형,크루즈 (11~14년),국산,크루즈,5
325,쉐보레(GM대우),디젤,준중형,크루즈 (11~14년),국산,크루즈,5
326,쉐보레(GM대우),LPG(일반인 구입),준중형,크루즈 (11~14년),국산,크루즈,5
327,쉐보레(GM대우),가솔린,준중형,크루즈5 (11~14년),국산,크루즈,5
328,쉐보레(GM대우),디젤,준중형,크루즈5 (11~14년),국산,크루즈,5
329,쉐보레(GM대우),가솔린,SUV,더 뉴 트랙스 (16년~현재),국산,트랙스,5
330,쉐보레(GM대우),디젤,SUV,더 뉴 트랙스 (16년~현재),국산,트랙스,5
331,쉐보레(GM대우),가솔린,SUV,트랙스 (13~16년),국산,트랙스,5
332,쉐보레(GM대우),디젤,SUV,트랙스 (13~16년),국산,트랙스,5
333,르노삼성,가솔린,중형,SM3 네오 (14년~현재),국산,SM3,5
334,르노삼성,디젤,중형,SM3 네오 (14년~현재),국산,SM3,5
335,르노삼성,전기,중형,SM3 Z.E. (13년~현재),국산,SM3,5
336,르노삼성,가솔린,중형,뉴SM3 (09~14년),국산,SM3,5
337,르노삼성,가솔린,중형,SM3 뉴 제너레이션 (05~11년),국산,SM3,5
338,르노삼성,LPG(일반인 구입),중형,SM3 뉴 제너레이션 (05~11년),국산,SM3,5
339,르노삼성,가솔린,중형,SM5 노바 (15년~현재),국산,SM5,5
340,르노삼성,디젤,중형,SM5 노바 (15년~현재),국산,SM5,5
341,르노삼성,LPG,중형,SM5 노바 (15년~현재),국산,SM5,5
342,르노삼성,가솔린,중형,뉴SM5 플래티넘 (12~15년),국산,SM5,5
343,르노삼성,디젤,중형,뉴SM5 플래티넘 (12~15년),국산,SM5,5
344,르노삼성,LPG,중형,뉴SM5 플래티넘 (12~15년),국산,SM5,5
345,르노삼성,LPG(일반인 구입),중형,뉴SM5 플래티넘 (12~15년),국산,SM5,5
346,르노삼성,가솔린,중형,뉴SM5(신형) (10~12년),국산,SM5,5
347,르노삼성,LPG,중형,뉴SM5(신형) (10~12년),국산,SM5,5
348,르노삼성,LPG(일반인 구입),중형,뉴SM5(신형) (10~12년),국산,SM5,5
349,르노삼성,가솔린,중형,SM5 뉴 임프레션 (07~10년),국산,SM5,5
350,르노삼성,LPG,중형,SM5 뉴 임프레션 (07~10년),국산,SM5,5
351,르노삼성,LPG(일반인 구입),중형,SM5 뉴 임프레션 (07~10년),국산,SM5,5
352,르노삼성,가솔린+CNG,중형,SM5 뉴 임프레션 (07~10년),국산,SM5,5
353,르노삼성,가솔린,중형,SM6(16년~현재),국산,SM6,5
354,르노삼성,디젤,중형,SM6(16년~현재),국산,SM6,5
355,르노삼성,LPG,중형,SM6(16년~현재),국산,SM6,5
356,르노삼성,가솔린,대형,SM7 노바(14년~현재),국산,SM7,5
357,르노삼성,LPG,대형,SM7 노바(14년~현재),국산,SM7,5
358,르노삼성,디젤,SUV,뉴QM3(17년~현재),국산,QM3,5
359,르노삼성,가솔린,SUV,QM5 네오(14~16년),국산,QM5,5
360,르노삼성,디젤,SUV,QM5 네오(14~16년),국산,QM5,5
361,르노삼성,가솔린,SUV,QM6(16년~현재),국산,QM6,5
362,르노삼성,디젤,SUV,QM6(16년~현재),국산,QM6,5
363,르노삼성,전기,경형,트위지(17년~현재),국산,트위지,1
364,르노삼성,전기,경형,트위지(17년~현재),국산,트위지,2
365,쌍용,가솔린,대형,뉴체어맨 W(11~17년),국산,체어맨,5
366,쌍용,가솔린+LPG,대형,뉴체어맨 W(11~17년),국산,체어맨,5
367,쌍용,디젤,중형,뉴카이런(07~11년),국산,카이런,5
368,쌍용,디젤,중형,뉴카이런(07~11년),국산,카이런,7
369,쌍용,디젤,SUV,뉴 스타일 코란도 C(17년~현재),국산,코란도,9
370,쌍용,디젤,SUV,뉴 스타일 코란도 C(17년~현재),국산,코란도,11
371,쌍용,가솔린,SUV,티볼리(15~17년),국산,티볼리,5
372,쌍용,디젤,SUV,티볼리(15~17년),국산,티볼리,5
373,BMW,디젤,준중형,1시리즈 (F20) (12년~현재),수입,1시리즈,5
374,BMW,가솔린,준중형,1시리즈 (E82) (04~13년),수입,1시리즈,5
375,BMW,디젤,준중형,1시리즈 (E82) (04~13년),수입,1시리즈,5
376,BMW,디젤,소형,2시리즈 (F22) (13년~현재),수입,2시리즈,5
377,BMW,디젤,소형,2시리즈 액티브 투어러 (F45) (15년~현재),수입,2시리즈,5
378,BMW,가솔린,중형,3시리즈 (F30) (12년~현재),수입,3시리즈,5
379,BMW,디젤,중형,3시리즈 (F30) (12년~현재),수입,3시리즈,5
380,BMW,가솔린,중형,3시리즈 (E90) (05~13년),수입,3시리즈,5
381,BMW,디젤,중형,3시리즈 (E90) (05~13년),수입,3시리즈,5
382,BMW,가솔린,대형,4시리즈 (F32)(13년~현재),수입,4시리즈,5
383,BMW,디젤,대형,4시리즈 (F32)(13년~현재),수입,3시리즈,5
384,BMW,가솔린,대형,5시리즈 (G30) (17년~현재),수입,5시리즈,5
385,BMW,디젤,대형,5시리즈 (G30) (17년~현재),수입,5시리즈,5
386,BMW,가솔린,대형,5시리즈 (F10) (10~16년),수입,5시리즈,5
387,BMW,디젤,대형,5시리즈 (F10) (10~16년),수입,5시리즈,5
388,BMW,가솔린,대형,5시리즈 (E60) (03~10년),수입,5시리즈,5
389,BMW,디젤,대형,5시리즈 (E60) (03~10년),수입,5시리즈,5
390,BMW,가솔린+CNG,대형,5시리즈 (E60) (03~10년),수입,5시리즈,5
391,BMW,가솔린,대형,6시리즈 (F12) (11년~현재),수입,6시리즈,5
392,BMW,디젤,대형,6시리즈 (F12) (11년~현재),수입,6시리즈,5
393,BMW,가솔린,대형,6시리즈 (E63) (03~10년),수입,6시리즈,5
394,BMW,가솔린,대형,7시리즈 (G11) (15년~현재),수입,7시리즈,5
395,BMW,디젤,대형,7시리즈 (G11) (15년~현재),수입,7시리즈,5
396,BMW,가솔린,대형,7시리즈 (F01) (08~15년),수입,7시리즈,5
397,BMW,디젤,대형,7시리즈 (F01) (08~15년),수입,7시리즈,5
398,BMW,가솔린+전기,대형,7시리즈 (F01) (08~15년),수입,7시리즈,5
399,BMW,디젤,대형,6시리즈 GT (G32) (17년~현재),수입,6시리즈,5
400,BMW,가솔린,대형,5시리즈 GT (F07) (10~17년),수입,5시리즈,5
401,BMW,디젤,대형,5시리즈 GT (F07) (10~17년),수입,5시리즈,5
402,BMW,디젤,중형,3시리즈 GT (F34) (13년~현재),수입,3시리즈,5
403,BMW,가솔린,소형,1M (E82)(11~12년),수입,1M,4
404,BMW,가솔린,스포츠카,M2 (F87)(16년~현재),수입,M2,2
405,BMW,가솔린,준중형,M3 (F80) (14년~현재),수입,M3,5
406,BMW,가솔린,준중형,M3 (E90) (07~13년),수입,M3,5
407,BMW,가솔린,준중형,M4 (F82)(14년~현재),수입,M4,4
408,BMW,가솔린,대형,M5 (F10) (12년~현재),수입,M5,5
409,BMW,가솔린,대형,M5 (E60) (05~10년),수입,M5,5
410,BMW,가솔린,대형,M6 (F12) (12년~현재),수입,M6,4
411,BMW,가솔린,대형,M6 (E63) (05~10년),수입,M6,4
412,BMW,디젤,SUV,X1 (F48) (16년~현재),수입,X1,5
413,BMW,디젤,SUV,X1 (E84) (10~15년),수입,X1,5
414,BMW,디젤,SUV,X3 (G01) (17년~현재),수입,X3,5
415,BMW,디젤,SUV,X3 (F25) (11~17년),수입,X3,5
416,BMW,가솔린,SUV,X3 (E83) (04~10년),수입,X3,5
417,BMW,디젤,SUV,X3 (E83) (04~10년),수입,X3,5
418,BMW,디젤,SUV,X4 (F26)(14년~현재),수입,X4,5
419,BMW,디젤,SUV,X5 (F15) (13년~현재),수입,X5,5
420,BMW,가솔린,SUV,X5 (E70) (07~13년),수입,X5,5
421,BMW,디젤,SUV,X5 (E70) (07~13년),수입,X5,5
422,BMW,디젤,SUV,X6 (F16) (14년~현재),수입,X6,5
423,BMW,가솔린,SUV,X6 (E71) (08~14년),수입,X6,5
424,BMW,디젤,SUV,X6 (E71) (08~14년),수입,X6,5
425,BMW,가솔린+전기,SUV,X6 (E71) (08~14년),수입,X6,5
426,BMW,가솔린,SUV,X5M (F15) (15년~현재),수입,X5M,5
427,BMW,가솔린,SUV,X5M (E70) (10~13년),수입,X5M,5
428,BMW,가솔린,SUV,X6M (F16) (15년~현재),수입,X6M,5
429,BMW,가솔린,SUV,X6M (E71) (09~14년),수입,X6M,5
430,BMW,가솔린,스포츠카,Z4 (E89) (09~16년),수입,Z4,2
431,BMW,가솔린,스포츠카,Z4 (E85) (02~08년),수입,Z4,2
432,BMW,전기,소형,i3(14년~현재),수입,i3,5
433,BMW,가솔린+전기,스포츠카,i8(14년~현재),수입,i8,4
434,GMC,가솔린,SUV,사바나(96년~현재),수입,사바나,8
435,GMC,가솔린+LPG,SUV,사바나(96년~현재),수입,사바나,8
436,닛산,가솔린,SUV,로그(07년~현재),수입,로그,5
437,닛산,전기,소형,리프(10년~현재),수입,리프,5
438,닛산,가솔린,소형,마치(82년~현재),수입,마치,5
439,닛산,가솔린,대형,맥시마 (A36) (15년~현재),수입,맥시마,5
440,닛산,가솔린+전기,SUV,무라노 (Z52) (15년~현재),수입,무라노,5
441,닛산,가솔린,SUV,무라노 (02~14년),수입,무라노,5
442,닛산,가솔린,중형,스카이라인(81년~현재),수입,스카이라인,5
443,닛산,가솔린,중형,알티마(93년~현재),수입,알티마,5
444,닛산,가솔린,대형,엘그란드(97년~현재),수입,엘그란드,7
445,닛산,가솔린,대형,엘그란드(97년~현재),수입,엘그란드,8
446,닛산,가솔린,SUV,쥬크(11년~현재),수입,쥬크,5
447,닛산,디젤,SUV,캐시카이 2세대(14년~현재),수입,캐시카이,5
448,닛산,가솔린,소형,큐브(98년~현재),수입,큐브,5
449,닛산,가솔린,SUV,패스파인더 4세대 (13년~현재),수입,패스파인더,7
450,닷지,디젤,준중형,니트로(06~12년),수입,니트로,5
451,닷지,가솔린,대형,다코타(87~11년),수입,다코타,5
452,닷지,가솔린+LPG,대형,다코타(87~11년),수입,다토카,5
453,닷지,가솔린,SUV,듀랑고(98년~현재),수입,듀랑고,7
454,닷지,가솔린+LPG,SUV,듀랑고(98년~현재),수입,듀랑고,7
455,닷지,가솔린,스포츠카,챌린저(78년~현재),수입,챌린저,4
456,닷지,가솔린,소형,캘리버(06년~현재),수입,캘리버,5
457,도요타,가솔린,SUV,4Runner(84년~현재),수입,4Runner,5
458,도요타,가솔린,스포츠카,86(12년~현재),수입,86,4
459,도요타,가솔린,중형,FJ 크루져(06~14년),수입,FJ크루져,5
460,도요타,가솔린,SUV,RAV4(94년~현재),수입,RAV4,5
461,도요타,가솔린+전기,SUV,RAV4(94년~현재),수입,RAV4,5
462,도요타,가솔린,소형,bB(00~16년),수입,bB,5
463,도요타,가솔린,중형,벤자(09~17년),수입,벤자,5
464,도요타,기타,대형,벨파이어(08년~현재),수입,벨파이어,7
465,도요타,가솔린,대형,시에나(98년~현재),수입,시에나,7
466,도요타,가솔린,대형,아발론(94년~현재),수입,아발론,5
467,도요타,가솔린,중형,캠리 (XV70) (17년~현재),수입,캠리,5
468,도요타,가솔린,중형,뉴 캠리 (12~17년),수입,캠리,5
469,도요타,가솔린+전기,중형,뉴 캠리 (12~17년),수입,캠리,5
470,도요타,가솔린,중형,캠리 (86~11년),수입,캠리,5
471,도요타,가솔린+전기,중형,캠리 (86~11년),수입,캠리,5
472,도요타,가솔린,준중형,코롤라(66년~현재),수입,코롤라,5
473,도요타,가솔린,대형,타코마(95년~현재),수입,타코마,5
474,도요타,가솔린,소형,파쏘(04년~현재),수입,파쏘,5
475,도요타,가솔린,소형,포르테(04년~현재),수입,포르테,5
476,도요타,가솔린+전기,소형,프리우스 4세대 (16년~현재),수입,프리우스,5
477,도요타,가솔린+LPG,소형,프리우스 4세대 (16년~현재),수입,프리우스,5
478,도요타,가솔린+전기,소형,프리우스 (97~15년),수입,프리우스,5
479,도요타,가솔린+전기,소형,프리우스 V (12년~현재),수입,프리우스,5
480,도요타,가솔린,중형,해리어(97년~현재),수입,해리어,5
481,람보르기니,가솔린,스포츠카,가야르도(03~13년),수입,가야르도,2
482,람보르기니,가솔린,스포츠카,아벤타도르(11년~현재),수입,아벤타도르,2
483,람보르기니,가솔린,스포츠카,우라칸(14년~현재),수입,우라칸,2
484,람보르기니,가솔린,스포츠카,무르시엘라고(01~10년),수입,무르시엘라고,2
485,랜드로버,디젤,SUV,디스커버리 스포츠(15년~현재),수입,디스커버리,5
486,랜드로버,디젤,SUV,디스커버리 5 (17년~현재),수입,디스커버리,5
487,랜드로버,가솔린,SUV,디스커버리 4 (09~16년),수입,디스커버리,5
488,랜드로버,디젤,SUV,디스커버리 4 (09~16년),수입,디스커버리,5
489,랜드로버,가솔린,SUV,디스커버리 3 (04~09년),수입,디스커버리,5
490,랜드로버,디젤,SUV,디스커버리 3 (04~09년),수입,디스커버리,5
491,랜드로버,디젤,SUV,레인지로버 벨라(17년~현재),수입,레인지로버,5
492,랜드로버,가솔린,SUV,레인지로버 스포츠 2세대 (13년~현재),수입,레인지로버,5
493,랜드로버,디젤,SUV,레인지로버 스포츠 2세대 (13년~현재),수입,레인지로버,5
494,랜드로버,가솔린,SUV,레인지로버 스포츠 (04~13년),수입,레인지로버,5
495,랜드로버,디젤,SUV,레인지로버 스포츠 (04~13년),수입,레인지로버,5
496,랜드로버,가솔린,SUV,레인지로버 이보크(11년~현재),수입,레인지로버,5
497,랜드로버,디젤,SUV,레인지로버 이보크(11년~현재),수입,레인지로버,5
498,랜드로버,가솔린,SUV,레인지로버 4세대 (13년~현재),수입,레인지로버,5
499,랜드로버,디젤,SUV,레인지로버 4세대 (13년~현재),수입,레인지로버,5
500,랜드로버,가솔린,SUV,레인지로버 (70~12년),수입,레인지로버,5
501,랜드로버,디젤,SUV,레인지로버 (70~12년),수입,레인지로버,5
502,랜드로버,가솔린,SUV,프리랜더2 (06~14년),수입,프리랜더2,5
503,랜드로버,디젤,SUV,프리랜더2 (06~14년),수입,프리랜더2,5
504,렉서스,가솔린+전기,준중형,CT200h(10년~현재),수입,CT200h,5
505,렉서스,가솔린,중형,뉴 ES350 (12년~현재),수입,ES,5
506,렉서스,가솔린,중형,뉴 ES300h (12년~현재),수입,ES,5
507,렉서스,가솔린+전기,중형,뉴 ES300h (12년~현재),수입,ES,5
508,렉서스,가솔린,중형,ES350 (06~12년),수입,ES,5
509,렉서스,가솔린,중형,뉴 GS200t (16~17년),수입,GS,5
510,렉서스,가솔린,중형,뉴 GS250 (12~16년),수입,GS,5
511,렉서스,가솔린,중형,뉴 GS350 (12년~현재),수입,GS,5
512,렉서스,가솔린+전기,중형,뉴 GS450h (12년~현재),수입,GS,5
513,렉서스,가솔린,중형,GS300 (91~12년),수입,GS,5
514,렉서스,가솔린,중형,GS350 (97~12년),수입,GS,5
515,렉서스,가솔린,중형,GS430 (97~12년),수입,GS,5
516,렉서스,가솔린+전기,중형,GS450h (97~12년),수입,GS,5
517,렉서스,가솔린,중형,GS460 (05~12년),수입,GS,5
518,렉서스,가솔린,준중형,뉴 IS200t (15~17년),수입,LS,5
519,렉서스,가솔린,준중형,뉴 IS250 (13년~현재),수입,LS,5
520,렉서스,가솔린,준중형,IS250 (05~13년),수입,LS,5
521,렉서스,가솔린,준중형,IS F (07~14년),수입,LS,5
522,렉서스,가솔린+전기,대형,LS600hL (06~17년),수입,LS,5
523,렉서스,가솔린,대형,LS460L (06~17년),수입,LS,5
524,렉서스,가솔린,대형,LS460 (06~17년),수입,LS,5
525,렉서스,가솔린,준중형,NX200t (15~17년),수입,NX,5
526,렉서스,가솔린+전기,SUV,NX300h (14년~현재),수입,NX,5
527,렉서스,가솔린,스포츠카,RC200t (16년~현재),수입,RC,5
528,렉서스,가솔린,스포츠카,RC350 (15년~현재),수입,RC,5
529,렉서스,가솔린,SUV,RX350 4세대 (16년~현재),수입,RX,5
530,렉서스,가솔린+전기,SUV,RX450h 4세대 (16년~현재),수입,RX,5
531,렉서스,가솔린,SUV,RX330 (03~09년),수입,RX,5
532,렉서스,가솔린,SUV,RX350 (97~15년),수입,RX,5
533,렉서스,가솔린+전기,SUV,RX400h (03~09년),수입,RX,5
534,렉서스,가솔린+전기,SUV,RX450h (09~15년),수입,RX,5
535,렉서스,가솔린,스포츠카,SC430 (01~10년),수입,SC,4
536,로터스,가솔린,스포츠카,엑시지(00년~현재),수입,엑시지,2
537,로터스,가솔린,스포츠카,엘리스(96년~현재),수입,엘리스,2
538,롤스로이스,가솔린,스포츠카,레이스(14년~현재),수입,레이스,2
539,르노,가솔린,소형,클리오(90년~현재),수입,클리오,5
540,링컨,가솔린,준중형,MKC(14년~현재),수입,MKC,5
541,링컨,가솔린,대형,뉴 MKS (12~16년),수입,MKS,5
542,링컨,가솔린,대형,MKS (08~12년),수입,MKS,5
543,링컨,가솔린,중형,MKX 2세대 (15년~현재),수입,MKX,5
544,링컨,가솔린,중형,뉴 MKX (10~15년),수입,MKX,5
545,링컨,가솔린,중형,MKX (06~10년),수입,MKX,5
546,링컨,가솔린,대형,뉴 MKZ (10년~현재),수입,MKZ,5
547,링컨,가솔린+전기,대형,뉴 MKZ (10년~현재),수입,MKZ,5
548,링컨,가솔린,대형,MKZ (05~09년),수입,MKZ,5
549,링컨,가솔린,대형,컨티넨탈 10세대 (16년~현재),수입,컨티넨탈,5
550,링컨,가솔린,대형,타운카(81~11년),수입,타운카,5
551,마세라티,가솔린,스포츠카,그란카브리오(10년~현재),수입,그란카브리오,4
552,마세라티,가솔린,스포츠카,그란투리스모(07년~현재),수입,그란투리스모,4
553,마세라티,가솔린,대형,기블리(13년~현재),수입,기블리,5
554,마세라티,디젤,대형,기블리(13년~현재),수입,기블리,5
555,마세라티,가솔린,SUV,르반떼(16년~현재),수입,르반떼,5
556,마세라티,디젤,SUV,르반떼(16년~현재),수입,르반떼,5
557,마세라티,가솔린,대형,콰트로포르테(63년~현재),수입,콰트로포르테,5
558,마세라티,디젤,대형,콰트로포르테(63년~현재),수입,콰트로포르테,5
559,마이바흐,가솔린,대형,57(02~12년),수입,57,4
560,마이바흐,가솔린,대형,62s(06~12년),수입,62s,4
561,마쯔다,가솔린,대형,CX-9(06년~현재),수입,CX-9,7
562,마쯔다,가솔린,스포츠카,MX-5 MIATA(89년~현재),수입,MX-5 MIATA,2
563,마쯔다,가솔린,스포츠카,RX-8(03~12년),수입,RX-8,4
564,맥라렌,가솔린,스포츠카,570S(15년~현재),수입,570S,2
565,맥라렌,가솔린,스포츠카,570GT(16년~현재),수입,570GT,2
566,맥라렌,가솔린,스포츠카,650S(14~17년),수입,650S,2
567,맥라렌,가솔린,스포츠카,675LT(15~17년),수입,675LT,2
568,맥라렌,가솔린,스포츠카,MP4-12C(11~14년),수입,MP4-12C,2
569,미니,가솔린,소형,쿠퍼 (01년~현재),수입,쿠퍼,4
570,미니,디젤,소형,쿠퍼 (01년~현재),수입,쿠퍼,4
571,미니,가솔린,소형,쿠퍼 S (01년~현재),수입,쿠퍼,4
572,미니,가솔린,소형,쿠퍼 D (07년~현재),수입,쿠퍼,4
573,미니,디젤,소형,쿠퍼 D (07년~현재),수입,쿠퍼,4
574,미니,가솔린,소형,쿠퍼 SD (12년~현재),수입,쿠퍼,4
575,미니,디젤,소형,쿠퍼 SD (12년~현재),수입,쿠퍼,4
576,미니,가솔린,소형,쿠퍼 컨버터블 (01년~현재),수입,쿠퍼,4
577,미니,가솔린,소형,쿠퍼 S 컨버터블 (01년~현재),수입,쿠퍼,4
578,미니,가솔린,스포츠카,쿠퍼 쿠페 (11~15년),수입,쿠퍼,2
579,미니,가솔린,스포츠카,쿠퍼 S 쿠페 (11~15년),수입,쿠퍼,2
580,미니,디젤,스포츠카,쿠퍼 SD 쿠페 (12~15년),수입,쿠퍼,2
581,미니,가솔린,스포츠카,쿠퍼 로드스터 (12~15년),수입,쿠퍼,2
582,미니,가솔린,스포츠카,쿠퍼 S 로드스터 (12~15년),수입,쿠퍼,2
583,미니,가솔린,소형,쿠퍼 클럽맨 (07년~현재),수입,쿠퍼,5
584,미니,가솔린,소형,쿠퍼 S 클럽맨 (07년~현재),수입,쿠퍼,5
585,미니,디젤,소형,쿠퍼 D 클럽맨 (09년~현재),수입,쿠퍼,5
586,미니,디젤,소형,쿠퍼 SD 클럽맨 (13년~현재),수입,쿠퍼,5
587,미니,가솔린,SUV,쿠퍼 컨트리맨 (11년~현재),수입,쿠퍼,5
588,미니,가솔린,SUV,쿠퍼 S 컨트리맨 (11년~현재),수입,쿠퍼,5
589,미니,디젤,SUV,쿠퍼 D 컨트리맨 (11년~현재),수입,쿠퍼,5
590,미니,디젤,SUV,쿠퍼 SD 컨트리맨 (11년~현재),수입,쿠퍼,5
591,미니,디젤,소형,쿠퍼 D 페이스맨 (13년~현재),수입,쿠퍼,5
592,미니,디젤,소형,쿠퍼 SD 페이스맨 (13년~현재),수입,쿠퍼,5
593,벤츠,가솔린,소형,A-클래스 W176 (13년~현재),수입,A-클래스,5
594,벤츠,디젤,소형,A-클래스 W176 (13년~현재),수입,A-클래스,5
595,벤츠,디젤,소형,B-클래스 W246 (12년~현재),수입,B-클래스,5
596,벤츠,가솔린,소형,B-클래스 W245 (05~11년),수입,B-클래스,5
597,벤츠,가솔린,준중형,C-클래스 W205 (14년~현재),수입,C-클래스,5
598,벤츠,디젤,준중형,C-클래스 W205 (14년~현재),수입,C-클래스,5
599,벤츠,가솔린,준중형,C-클래스 W204 (07~14년),수입,C-클래스,5
600,벤츠,디젤,준중형,C-클래스 W204 (07~14년),수입,C-클래스,5
601,벤츠,가솔린,스포츠카,CL-클래스 C216 (07~13년),수입,CL-클래스,4
602,벤츠,가솔린,준중형,CLA-클래스 C117(14년~현재),수입,CLA-클래스,4
603,벤츠,디젤,준중형,CLA-클래스 C117(14년~현재),수입,CLA-클래스,4
604,벤츠,가솔린,스포츠카,CLK-클래스 C209 (02~09년),수입,CLK-클래스,4
605,벤츠,가솔린,대형,CLS-클래스 W218 (11년~현재),수입,CLS-클래스,5
606,벤츠,디젤,대형,CLS-클래스 W218 (11년~현재),수입,CLS-클래스,5
607,벤츠,가솔린,대형,CLS-클래스 W219 (04~11년),수입,CLS-클래스,5
608,벤츠,가솔린,대형,E-클래스 W213 (16년~현재),수입,E-클래스,5
609,벤츠,디젤,대형,E-클래스 W213 (16년~현재),수입,E-클래스,5
610,벤츠,가솔린,대형,E-클래스 W212 (09~17년),수입,E-클래스,5
611,벤츠,디젤,대형,E-클래스 W212 (09~17년),수입,E-클래스,5
612,벤츠,디젤+전기,대형,E-클래스 W212 (09~17년),수입,E-클래스,5
613,벤츠,가솔린,대형,E-클래스 W211 (02~09년),수입,E-클래스,5
614,벤츠,디젤,대형,E-클래스 W211 (02~09년),수입,E-클래스,5
615,벤츠,가솔린+CNG,대형,E-클래스 W211 (02~09년),수입,E-클래스,5
616,벤츠,가솔린,SUV,G-클래스 W463(79년~현재),수입,G-클래스,5
617,벤츠,디젤,SUV,G-클래스 W463(79년~현재),수입,G-클래스,5
618,벤츠,가솔린,SUV,GL-클래스 X166 (12~16년),수입,GL-클래스,7
619,벤츠,가솔린,SUV,GL-클래스 X164 (06~12년),수입,GL-클래스,7
620,벤츠,가솔린,SUV,GLA-클래스 X156(14년~현재),수입,GLA-클래스,5
621,벤츠,디젤,SUV,GLA-클래스 X156(14년~현재),수입,GLA-클래스,5
622,벤츠,가솔린,SUV,GLC-클래스 X253(16년~현재),수입,GLC-클래스,5
623,벤츠,디젤,SUV,GLC-클래스 X253(16년~현재),수입,GLC-클래스,5
624,벤츠,가솔린,SUV,GLE-클래스 W166(16년~현재),수입,GLE-클래스,5
625,벤츠,디젤,SUV,GLE-클래스 W166(16년~현재),수입,GLE-클래스,5
626,벤츠,디젤,SUV,GLK-클래스 X204(09~15년),수입,GLK-클래스,5
627,벤츠,가솔린,SUV,GLS-클래스 X166(16년~현재),수입,GLS-클래스,7
628,벤츠,디젤,SUV,GLS-클래스 X166(16년~현재),수입,GLS-클래스,7
629,벤츠,가솔린,중형,M-클래스 W166 (12~15년),수입,M-클래스,5
630,벤츠,디젤,중형,M-클래스 W166 (12~15년),수입,M-클래스,5
631,벤츠,가솔린,중형,M-클래스 W164 (05~11년),수입,M-클래스,5
632,벤츠,디젤,중형,M-클래스 W164 (05~11년),수입,M-클래스,5
633,벤츠,가솔린,대형,R-클래스(05~13년),수입,R-클래스,7
634,벤츠,가솔린,대형,S-클래스 W222 (13년~현재),수입,S-클래스,5
635,벤츠,디젤,대형,S-클래스 W222 (13년~현재),수입,S-클래스,5
636,벤츠,가솔린+전기,대형,S-클래스 W222 (13년~현재),수입,S-클래스,5
637,벤츠,가솔린,대형,S-클래스 W221 (05~13년),수입,S-클래스,5
638,벤츠,디젤,대형,S-클래스 W221 (05~13년),수입,S-클래스,5
639,벤츠,가솔린+전기,대형,S-클래스 W221 (05~13년),수입,S-클래스,5
640,벤츠,가솔린+CNG,대형,S-클래스 W221 (05~13년),수입,S-클래스,5
641,벤츠,가솔린,스포츠카,뉴 SL-클래스 (08년~현재),수입,SL-클래스,2
642,벤츠,가솔린,스포츠카,SL-클래스 (54~08년),수입,SL-클래스,2
643,벤츠,가솔린,스포츠카,SLC-클래스 R172(16년~현재),수입,SLC-클래스,2
644,벤츠,가솔린,스포츠카,뉴 SLK-클래스 (04~16년),수입,SLK-클래스,2
645,벤츠,가솔린,스포츠카,SLK-클래스 (96~04년),수입,SLK-클래스,2
646,벤츠,가솔린,스포츠카,SLS AMG(10~14년),수입,SLS AMG,2
647,벤츠,가솔린,대형,AMG GT(14년~현재),수입,AMG GT,2
648,벤츠,가솔린,대형,V-클래스(96년~현재),수입,V-클래스,6
649,벤츠,가솔린,대형,스프린터(95년~현재),수입,스프린터,11
650,벤츠,디젤,대형,스프린터(95년~현재),수입,스프린터,11
651,벤틀리,가솔린,SUV,벤테이가(16년~현재),수입,벤테이가,5
652,벤틀리,가솔린,스포츠카,뉴 컨티넨탈 (11년~현재),수입,컨티넨탈,4
653,벤틀리,가솔린,스포츠카,컨티넨탈 (52~11년),수입,컨티넨탈,4
654,볼보,가솔린,준중형,C30(06~13년),수입,C30,4
655,볼보,디젤,준중형,C30(06~13년),수입,C30,4
656,북기은상,가솔린,소형,CK 미니밴(15년~현재),수입,CK,5
657,북기은상,가솔린+LPG,소형,CK 미니밴(15년~현재),수입,CK,5
658,북기은상,가솔린,소형,CK 미니트럭(15년~현재),수입,CK,3
659,북기은상,가솔린+LPG,소형,CK 미니트럭(15년~현재),수입,CK,3
660,북기은상,가솔린,SUV,켄보 600(17년~현재),수입,켄보 600,5
661,사브,가솔린,준중형,뉴 9-3 (07~12년),수입,9-3,5
662,사브,디젤,준중형,뉴 9-3 (07~12년),수입,9-3,5
663,쉐보레,가솔린,스프츠카,콜벳(53년~현재),수입,콜벳,2
664,쉐보레,가솔린,대형,콜로라도(04년~현재),수입,콜로라도,5
665,쉐보레,가솔린,대형,타호(95년~현재),수입,타호,7
666,스마트,가솔린,경형,포투 쿠페 3세대 (14년~현재),수입,포투,2
667,스마트,가솔린,경형,포투 카브리오 3세대 (16년~현재),수입,포투,2
668,스마트,가솔린,경형,포투 쿠페 (98~15년),수입,포투,2
669,스마트,디젤,경형,포투 쿠페 (98~15년),수입,포투,2
670,스마트,가솔린,경형,포투 카브리오 (00~15년),수입,포투,2
671,스마트,디젤,경형,포투 카브리오 (00~15년),수입,포투,2
672,스마트,가솔린,소형,포포 W453 (14년~현재),수입,포포,2
673,스바루,가솔린,중형,레거시(89년~현재),수입,레거시,5
674,스바루,가솔린,SUV,아웃백(95~12년),수입,아웃백,5
675,스바루,가솔린,준중형,임프레자(93년~현재),수입,임프레자,5
676,스바루,가솔린,준중형,포레스터(97~12년),수입,포레스터,5
677,스즈키,가솔린,소형,스위프트(04년~현재),수입,스위프트,5
678,스즈키,가솔린,경형,알토(79년~현재),수입,알토,4
679,스즈키,가솔린,경형,알토라팡(02년~현재),수입,알토라팡,4
680,스즈키,가솔린,경형,허슬러(14년~현재),수입,허슬러,4
681,시트로엥,디젤,SUV,C4 칵투스(14년~현재),수입,C4 칵투스,5
682,시트로엥,디젤,소형,C4 피카소 (13년~현재),수입,C4 피카소,5
683,시트로엥,디젤,소형,그랜드 C4 피카소 (13년~현재),수입,C4 피카소,5
684,시트로엥,가솔린,소형,DS3 (09년~현재),수입,DS3,5
685,시트로엥,디젤,소형,DS3 (09년~현재),수입,DS3,5
686,시트로엥,디젤,소형,DS3 카브리오 (13년~현재),수입,DS3,5
687,시트로엥,디젤,소형,DS4 (10년~현재),수입,DS4,5
688,시트로엥,디젤,중형,DS5(11년~현재),수입,DS5,5
689,아우디,디젤,소형,A1(10년~현재),수입,A1,5
690,아우디,가솔린,소형,뉴 A3 (03년~현재),수입,A3,5
691,아우디,디젤,소형,뉴 A3 (03년~현재),수입,A3,5
692,아우디,가솔린+전기,소형,뉴 A3 (03년~현재),수입,A3,5
693,아우디,가솔린,중형,A4 (B9) (16년~현재),수입,A4,5
694,아우디,가솔린,중형,뉴 A4 (05~16년),수입,A4,5
695,아우디,디젤,중형,뉴 A4 (05~16년),수입,A4,5
696,아우디,가솔린,중형,A5(07년~현재),수입,A5,5
697,아우디,디젤,중형,A5(07년~현재),수입,A5,5
698,아우디,가솔린,대형,뉴 A6 (04년~현재),수입,A6,5
699,아우디,디젤,대형,뉴 A6 (04년~현재),수입,A6,5
700,아우디,가솔린,대형,A7(10년~현재),수입,A7,5
701,아우디,디젤,대형,A7(10년~현재),수입,A7,5
702,아우디,가솔린,대형,뉴 A8 (02년~현재),수입,A8,5
703,아우디,디젤,대형,뉴 A8 (02년~현재),수입,A8,5
704,아우디,가솔린,소형,S3(96년~현재),수입,S3,5
705,아우디,가솔린,중형,뉴 S4 (08년~현재),수입,S4,5
706,아우디,가솔린,대형,S7(12년~현재),수입,S7,5
707,아우디,가솔린,대형,S6(94년~현재),수입,S6,5
708,아우디,가솔린,대형,S7(12년~현재),수입,S7,5
709,아우디,가솔린,대형,S8(94년~현재),수입,S8,5
710,아우디,가솔린,스포츠카,뉴 TT (06~14년),수입,TT,4
711,아우디,가솔린,스포츠카,TT (8S) (14년~현재),수입,TT,4
712,아우디,가솔린,스포츠카,TTS (8S) (15년~현재),수입,TTS,4
713,아우디,가솔린,스포츠카,TTS (08~14년),수입,TTS,4
714,아우디,가솔린,중형,RS5(10년~현재),수입,RS5,5
715,아우디,가솔린,대형,RS7(14년~현재),수입,RS7,4
716,아우디,디젤,SUV,Q3(11년~현재),수입,Q3,5
717,아우디,가솔린,SUV,Q5(08년~현재),수입,Q5,5
718,아우디,디젤,SUV,Q5(08년~현재),수입,Q5,5
719,아우디,디젤,SUV,Q7 (4M) (16년~현재),수입,Q7,5
720,아우디,디젤,SUV,Q7 (4M) (16년~현재),수입,Q7,7
721,아우디,가솔린,SUV,Q7 (05~15년),수입,Q7,5
722,아우디,가솔린,SUV,Q7 (05~15년),수입,Q7,7
723,아우디,디젤,SUV,Q7 (05~15년),수입,Q7,5
724,아우디,디젤,SUV,Q7 (05~15년),수입,Q7,7
725,아우디,디젤,SUV,SQ5(13년~현재),수입,SQ5,5
726,아우디,가솔린,스포츠카,R8 (4S) (16년~현재),수입,R8,2
727,아우디,가솔린,스포츠카,R8 (06~15년),수입,R8,2
728,아우디,디젤,중형,올로드 콰트로(99년~현재),수입,올로드 콰트로,5
729,애스턴마틴,가솔린,스포츠카,DB9(04~16년),수입,DB9,2
730,애스턴마틴,가솔린,스포츠카,V8 Vantage (05년~현재),수입,Vantage,2
731,애스턴마틴,가솔린,스포츠카,V12 Vantage (09년~현재),수입,Vantage,2
732,애스턴마틴,가솔린,스포츠카,뱅퀴시 (01년~현재),수입,뱅퀴시,2
733,애스턴마틴,가솔린,대형,라피드(10년~현재),수입,라피드,4
734,어큐라,가솔린,준중형,RDX(07년~현재),수입,RDX,4
735,어큐라,가솔린,대형,TL(96~14년),수입,TL,5
736,인피니티,가솔린,준중형,Q30(16년~현재),수입,Q30,5
737,인피니티,디젤,중형,Q50(14년~현재),수입,Q50,5
738,인피니티,가솔린+전기,중형,Q50(14년~현재),수입,Q50,5
739,인피니티,가솔린,스포츠카,Q60(14년~현재),수입,Q60,5
740,인피니티,가솔린,대형,Q70(14년~현재),수입,Q70,5
741,인피니티,디젤,대형,Q70(14년~현재),수입,Q70,5
742,인피니티,가솔린,SUV,QX50(14년~현재),수입,QX50,5
743,인피니티,가솔린,SUV,QX60(14년~현재),수입,QX60,7
744,인피니티,가솔린,SUV,QX70(14년~현재),수입,QX70,7
745,인피니티,가솔린,SUV,QX80(14년~현재),수입,QX80,7
746,인피니티,디젤,대형,M30d (10~13년),수입,M,5
747,인피니티,가솔린,대형,M35 (03~10년),수입,M,5
748,인피니티,가솔린,대형,M37 (10~13년),수입,M,5
749,인피니티,가솔린,대형,M45 (03~10년),수입,M,5
750,인피니티,가솔린,대형,M56 (10~13년),수입,M,5
751,인피니티,가솔린,준중형,EX35 (08~13년),수입,EX,5
752,인피니티,디젤,준중형,EX30d (10~13년),수입,EX,5
753,인피니티,디젤,중형,FX30d (09~13년),수입,FX,5
754,인피니티,가솔린,중형,FX35 (03~13년),수입,FX,5
755,인피니티,가솔린,중형,FX50 (09~13년),수입,FX,5
756,인피니티,가솔린,대형,JX35(12~13년),수입,JX,7
757,인피니티,가솔린,준중형,QX56 (04~13년),수입,QX,5
758,재규어,가솔린,준중형,XE(15년~현재),수입,XE,5
759,재규어,디젤,준중형,XE(15년~현재),수입,XE,5
760,재규어,가솔린,대형,XF (X260) (16년~현재),수입,XF,5
761,재규어,디젤,대형,XF (X260) (16년~현재),수입,XF,5
762,재규어,가솔린,대형,New XF (11~15년),수입,XF,5
763,재규어,디젤,대형,New XF (11~15년),수입,XF,5
764,재규어,가솔린,대형,XF (08~11년),수입,XF,5
765,재규어,디젤,대형,XF (08~11년),수입,XF,5
766,재규어,가솔린,대형,All New XJ (10년~현재),수입,XJ,5
767,재규어,디젤,대형,All New XJ (10년~현재),수입,XJ,5
768,재규어,가솔린,대형,New XJ (68~09년),수입,XJ,5
769,재규어,디젤,대형,New XJ (68~09년),수입,XJ,5
770,재규어,가솔린,대형,XJ-8(97~09년),수입,XJ,5
771,재규어,가솔린,대형,XJR(89년~현재),수입,XJR,4
772,재규어,가솔린,스포츠카,XKR (96~15년),수입,XKR,4
773,재규어,가솔린,스포츠카,XKR-S (11~15년),수입,XKR,2
774,재규어,가솔린,SUV,F-PACE(16년~현재),수입,F-PACE,5
775,재규어,디젤,SUV,F-PACE(16년~현재),수입,F-PACE,5
776,재규어,가솔린,스포츠카,F-TYPE(13년~현재),수입,F-TYPE,2
777,재규어,가솔린,준중형,X-TYPE(01~09년),수입,X-TYPE,5
778,재규어,디젤,준중형,X-TYPE(01~09년),수입,X-TYPE,5
779,지프,가솔린,SUV,레니게이드(15년~현재),수입,레니게이드,5
780,지프,디젤,SUV,레니게이드(15년~현재),수입,레니게이드,5
781,지프,가솔린,SUV,랭글러 (JK) (07년~현재),수입,랭글러,5
782,지프,디젤,SUV,랭글러 (JK) (07년~현재),수입,랭글러,5
783,지프,가솔린,SUV,그랜드 체로키 (93년~현재),수입,체로키,5
784,지프,디젤,SUV,그랜드 체로키 (93년~현재),수입,체로키,5
785,지프,가솔린,SUV,체로키(KL) (14년~현재),수입,체로키,5
786,지프,디젤,SUV,체로키(KL) (14년~현재),수입,체로키,5
787,지프,가솔린,SUV,체로키 (84~13년),수입,체로키,5
788,지프,디젤,SUV,체로키 (84~13년),수입,체로키,5
789,지프,가솔린+LPG,SUV,체로키 (84~13년),수입,체로키,5
790,지프,가솔린,SUV,컴패스(07년~현재),수입,컴패스,5
791,지프,디젤,중형,커맨더(06~10년),수입,커맨더,7
792,캐딜락,가솔린,준중형,ATS(13년~현재),수입,ATS,5
793,캐딜락,가솔린,준중형,ATS-V(16년~현재),수입,ATS,5
794,캐딜락,가솔린,준중형,BLS(05~09년),수입,BLS,5
795,캐딜락,가솔린,대형,CT6(16년~현재),수입,CT6,5
796,캐딜락,가솔린,대형,CTS 3세대 (14년~현재),수입,CTS,5
797,캐딜락,가솔린,대형,CTS 2세대 (08~14년),수입,CTS,5
798,캐딜락,가솔린,대형,CTS-V(04년~현재),수입,CTS,5
799,캐딜락,가솔린,대형,DTS(06~11년),수입,DTS,5
800,캐딜락,가솔린,중형,올 뉴 SRX (09~16년),수입,SRX,5
801,캐딜락,가솔린,대형,뉴 STS (07~11년),수입,STS,5
802,캐딜락,가솔린,SUV,XT5(16년~현재),수입,XT5,5
803,캐딜락,가솔린,SUV,에스컬레이드(99년~현재),수입,에스컬레이드,7
804,캐딜락,가솔린+LPG,SUV,에스컬레이드(99년~현재),수입,에스컬레이드,7
805,크라이슬러,가솔린,중형,200 2세대 (15~17년),수입,200,5
806,크라이슬러,가솔린,대형,더 뉴 300C (12년~현재),수입,300C,5
807,크라이슬러,디젤,대형,더 뉴 300C (12년~현재),수입,300C,5
808,크라이슬러,가솔린,대형,올 뉴 300C (11~12년),수입,300C,5
809,크라이슬러,가솔린,대형,300C (04~10년),수입,300C,5
810,크라이슬러,디젤,대형,300C (04~10년),수입,300C,5
811,크라이슬러,가솔린+CNG,대형,300C (04~10년),수입,300C,5
812,크라이슬러,가솔린,소형,PT 크루저(00~10년),수입,PT 크루저,5
813,크라이슬러,가솔린+LPG,소형,PT 크루저(00~10년),수입,PT 크루저,5
814,크라이슬러,가솔린,대형,그랜드 보이저(88년~현재),수입,그랜드 보이저,7
815,크라이슬러,디젤,대형,그랜드 보이저(88년~현재),수입,그랜드 보이저,7
816,크라이슬러,가솔린+LPG,대형,그랜드 보이저(88년~현재),수입,그랜드 보이저,7
817,페라리,가솔린,스포츠카,F12 베를리네타(12년~현재),수입,F12 베를리네타,2
818,페라리,가솔린,스포츠카,458(10~15년),수입,458,2
819,페라리,가솔린,스포츠카,488 GTB (15년~현재),수입,488,2
820,페라리,가솔린,스포츠카,488 스파이더 (15년~현재),수입,488,2
821,페라리,가솔린,스포츠카,캘리포니아(08~17년),수입,캘리포니아,4
822,포드,가솔린,스포츠카,머스탱(64년~현재),수입,머스탱,4
823,포드,디젤,중형,몬데오 4세대 (15년~현재),수입,몬데오,5
824,포드,디젤,중형,몬데오 3세대 (07~14년),수입,몬데오,5
825,포드,가솔린,SUV,이스케이프(01년~현재),수입,이스케이프,5
826,포드,가솔린,SUV,익스플로러(91년~현재),수입,익스플로러,7
827,포드,디젤,SUV,익스플로러(91년~현재),수입,익스플로러,7
828,포드,가솔린+LPG,SUV,익스플로러(91년~현재),수입,익스플로러,7
829,포드,디젤,SUV,쿠가 2세대(12년~현재),수입,쿠가,5
830,포드,가솔린,대형,뉴 토러스 (09년~현재),수입,토러스,5
831,포드,가솔린,중형,트랜짓(13년~현재),수입,트랜짓,5
832,포드,가솔린+LPG,중형,트랜짓(13년~현재),수입,트랜짓,5
833,포드,가솔린,준중형,포커스(98년~현재),수입,포커스,5
834,포드,디젤,준중형,포커스(98년~현재),수입,포커스,5
835,포드,가솔린,중형,퓨전(07년~현재),수입,퓨전,5
836,포르쉐,가솔린,스포츠카,718 카이맨 (16년~현재),수입,718,2
837,포르쉐,가솔린,스포츠카,718 박스터 (16년~현재),수입,718,2
838,포르쉐,가솔린,스포츠카,911(89년~현재),수입,911,2
839,포르쉐,가솔린,SUV,마칸(14년~현재),수입,마칸,5
840,포르쉐,디젤,SUV,마칸(14년~현재),수입,마칸,5
841,포르쉐,가솔린,스포츠카,박스터(96~16년),수입,박스터,2
842,포르쉐,가솔린,SUV,뉴 카이엔 (10년~현재),수입,카이엔,5
843,포르쉐,디젤,SUV,뉴 카이엔 (10년~현재),수입,카이엔,5
844,포르쉐,가솔린+전기,SUV,뉴 카이엔 (10년~현재),수입,카이엔,5
845,포르쉐,가솔린,대형,파나메라 (971) (17년~현재),수입,파나메라,4
846,포르쉐,가솔린,대형,파나메라 (09~16년),수입,파나메라,4
847,포르쉐,디젤,대형,파나메라 (09~16년),수입,파나메라,4
848,포톤,디젤,대형,툰랜드(15년~현재),수입,툰랜드,5
849,폭스바겐,가솔린,중형,뉴 CC (12년~현재),수입,CC,5
850,폭스바겐,디젤,중형,뉴 CC (12년~현재),수입,CC,5
851,폭스바겐,가솔린,중형,CC (08~12년),수입,CC,5
852,폭스바겐,디젤,중형,CC (08~12년),수입,CC,5
853,폭스바겐,가솔린,준중형,골프 7세대 (13년~현재),수입,골프,5
854,폭스바겐,디젤,준중형,골프 7세대 (13년~현재),수입,골프,5
855,폭스바겐,가솔린,준중형,골프 6세대 (08~14년),수입,골프,5
856,폭스바겐,디젤,준중형,골프 6세대 (08~14년),수입,골프,5
857,폭스바겐,디젤,소형,더 비틀 (12년~현재),수입,비틀,4
858,폭스바겐,가솔린,소형,뉴 비틀 (98~12년),수입,비틀,4
859,폭스바겐,가솔린,소형,시로코(08년~현재),수입,시로코,4
860,폭스바겐,디젤,소형,시로코(08년~현재),수입,시로코,4
861,폭스바겐,가솔린,준중형,뉴 제타 (11년~현재),수입,제타,5
862,폭스바겐,디젤,준중형,뉴 제타 (11년~현재),수입,제타,5
863,폭스바겐,가솔린,준중형,제타 (79~11년),수입,제타,5
864,폭스바겐,디젤,준중형,제타 (79~11년),수입,제타,5
865,폭스바겐,디젤,SUV,뉴 투아렉 (10년~현재),수입,투아렉,5
866,폭스바겐,가솔린,SUV,투아렉 (02~10년),수입,투아렉,5
867,폭스바겐,디젤,SUV,투아렉 (02~10년),수입,투아렉,5
868,폭스바겐,가솔린,대형,페이톤(02년~현재),수입,페이톤,5
869,폭스바겐,디젤,대형,페이톤(02년~현재),수입,페이톤,5
870,폭스바겐,가솔린,중형,더 뉴 파사트 (11~15년),수입,제타,5
871,폭스바겐,디젤,중형,더 뉴 파사트 (11~15년),수입,제타,5
872,폭스바겐,가솔린,중형,뉴 파사트 (05~11년),수입,제타,5
873,폭스바겐,디젤,중형,뉴 파사트 (05~11년),수입,제타,5
874,폭스바겐,디젤,중형,파사트 바리안트 (73년~현재),수입,제타,5
875,폭스바겐,가솔린,대형,페이톤(02년~현재),수입,페이톤,5
876,폭스바겐,디젤,대형,페이톤(02년~현재),수입,페이톤,5
877,폭스바겐,디젤,소형,폴로(75년~현재),수입,폴로,5
878,폰티악,가솔린,스포츠카,솔스티스(06~09년),수입,솔스티스,2
879,푸조,가솔린,소형,206 (98~10년),수입,206,5
880,푸조,가솔린,소형,206CC (00~08년),수입,206,5
881,푸조,가솔린,소형,207CC (06~13년),수입,207,5
882,푸조,가솔린,소형,207GT (06~13년),수입,207,5
883,푸조,가솔린,소형,207SW (08~09년),수입,207,5
884,푸조,디젤,소형,208(13년~현재),수입,208,5
885,푸조,디젤,SUV,2008(13년~현재),수입,2008,5
886,푸조,가솔린,소형,307CC (01~09년),수입,307,5
887,푸조,가솔린,소형,307SW (01~09년),수입,307,5
888,푸조,디젤,소형,307SW (01~09년),수입,307,5
889,푸조,가솔린,소형,307 (01~09년),수입,307,5
890,푸조,디젤,소형,307 (01~09년),수입,307,5
891,푸조,디젤,준중형,308SW 2세대 (14년~현재),수입,308,5
892,푸조,디젤,준중형,308 2세대 (14년~현재),수입,308,5
893,푸조,디젤,준중형,308 (07~14년),수입,308,5
894,푸조,디젤,준중형,308CC (07~14년),수입,308,5
895,푸조,디젤,준중형,308SW (07~14년),수입,308,5
896,푸조,디젤,SUV,3008 2세대 (17년~현재),수입,3008,5
897,푸조,디젤,SUV,3008 (09~16년),수입,3008,5
898,푸조,가솔린,중형,407 (04~10년),수입,407,4
899,푸조,디젤,중형,407 (04~10년),수입,407,4
900,푸조,디젤,중형,407SW (04~10년),수입,407,4
901,푸조,디젤,SUV,508 (11년~현재),수입,508,5
902,푸조,디젤,SUV,508SW (11년~현재),수입,508,5
903,푸조,디젤,SUV,508 RXH (14년~현재),수입,508,5
904,푸조,디젤,SUV,5008(17년~현재),수입,5008,7
905,푸조,가솔린,대형,607(99~10년),수입,607,5
906,푸조,디젤,대형,607(99~10년),수입,607,5
907,푸조,가솔린,스포츠카,RCZ(10~15년),수입,RCZ,2
908,피아트,가솔린,스포츠카,124 스파이더(16년~현재),수입,124,2
909,피아트,가솔린,SUV,500X(16년~현재),수입,500X,5
910,피아트,디젤,SUV,500X(16년~현재),수입,500X,5
911,피아트,가솔린,SUV,500 (07년~현재),수입,500,4
912,피아트,가솔린,SUV,500C (09년~현재),수입,500,4
913,피아트,디젤,중형,프리몬트(11년~현재),수입,프리몬트,7
914,혼다,가솔린,SUV,CR-V 5세대 (17년~현재),수입,CR-V,5
915,혼다,가솔린,SUV,New CR-V (11~16년),수입,CR-V,5
916,혼다,가솔린,SUV,CR-V (96~11년),수입,CR-V,5
917,혼다,가솔린+전기,소형,CR-Z(10~16년),수입,CR-Z,4
918,혼다,가솔린,소형,Fit(01년~현재),수입,Fit,5
919,혼다,가솔린,SUV,HR-V(16년~현재),수입,HR-V,5
920,혼다,가솔린,경형,N-BOX(12년~현재),수입,N-BOX,4
921,혼다,가솔린,스포츠카,S660(15년~현재),수입,S660,2
922,혼다,가솔린,대형,레전드 5세대 (15년~현재),수입,레전드,5
923,혼다,가솔린,대형,레전드 4세대 (04~12년),수입,레전드,5
924,혼다,가솔린,준중형,시빅(73년~현재),수입,시빅,5
925,혼다,가솔린+전기,준중형,시빅(73년~현재),수입,시빅,5
926,혼다,가솔린,중형,올뉴어코드 (08년~현재),수입,어코드,5
927,혼다,가솔린+전기,중형,올뉴어코드 (08년~현재),수입,어코드,5
928,혼다,가솔린,대형,오딧세이(95년~현재),수입,오딧세이,8
929,혼다,가솔린+전기,중형,인사이트(99~14년),수입,인사이트,5
930,혼다,가솔린,대형,크로스투어(10~15년),수입,크로스투어,5
931,혼다,가솔린,SUV,파일럿 3세대 (15년~현재),수입,파일럿,6
932,혼다,가솔린,SUV,파일럿 (03~15년),수입,파일럿,6